North American Union,124
RWBY,107
Krista Branch,92
Gamergate controversy,70
List of RWBY episodes,68
7 World Trade Center,62
9/11 conspiracy theories,56
List of Pretty Little Liars characters,56
September 11 attacks,51
Great Recession,47
Zeitgeist: The Movie,46
Violentacrez,45
Wikimedia UK,42
Kosovo independence precedent,38
List of RWBY characters,36
Giordano's Pizzeria,35
Lee Harvey Oswald,34
The Host (2013 film),33
2008 Andean diplomatic crisis,31
2008 Russo-Georgian diplomatic crisis,30
The Fine Young Capitalists,29
1948 Arab–Israeli War,28
International recognition of Kosovo,27
Deaths in 2013,26
Hayley Williams,25
Sosie Bacon,25
Emily Thorne,25
Alicia Keys,23
Bai Yansong,23
Bad Girls Club (season 10),22
2008 unrest in Kosovo,21
Wikipediocracy,21
Russo-Georgian War,21
2008 unrest in Bolivia,21
Elon Musk,21
Fifty Shades of Grey,21
Jamie Foxx,20
Ashley Benson,20
Harlem Renaissance,20
The Hunger Games (film),20
Race and intelligence,19
Rosewood Hotels & Resorts,19
"Kosovan local elections, 2008",19
Life of Pi,19
9/11 Truth movement,19
Suits (U.S. TV series),19
Moneybomb,19
Treaty of Lisbon,18
Amanda Filipacchi,18
Oreo,18
Halle Berry,18
Pretty Little Liars,18
Anita Sarkeesian,18
Charlie Engle (marathoner),18
Template:Did you know nominations/Pricasso,18
General Hospital's 50th anniversary,18
Avatar: The Last Airbender,18
International Court of Justice advisory opinion on Kosovo's declaration of independence,17
Dallas,17
Zack Snyder,17
Life of Pi (film),17
LL Cool J,17
Lea Michele,17
List of Assassin's Creed characters,16
Revolution (TV series),16
Les Misérables (2012 film),16
Kristen Stewart,16
Nicole Scherzinger,16
2009 Honduran constitutional crisis,16
Ang Lee,16
Django Unchained,16
The Walking Dead (TV series),16
Ella Fitzgerald,16
Method Man,16
MovieWeb,16
Doritos,15
Troian Bellisario,15
The Host (novel),15
Veteran Intelligence Professionals for Sanity,15
Salma Hayek,15
Shay Mitchell,15
BP,15
Cher,15
Arcade Fire,15
War in Donbass,15
Project X (2012 film),14
Tracy Spiridakos,14
Steve Harvey,14
Elijah Wood,14
Nicholas Sparks,14
Revenge (TV series),14
Sandy Hook Elementary School shooting,14
Dzhokhar and Tamerlan Tsarnaev,14
Jaden Smith,14
Glee (TV series),14
Stephenie Meyer,14
Chicago,14
International recognition of Abkhazia and South Ossetia,14
"Rape and pregnancy controversies in United States elections, 2012",13
Collapse of the World Trade Center,13
Cory Monteith,13
Enrique Peña Nieto,13
2008 Ukrainian political crisis,13
Rupert Sheldrake,13
Deepwater Horizon oil spill,13
Betty Crocker,13
Reconquista,13
Cuba Gooding Jr.,13
Vevo,13
The Zeitgeist Movement,12
Zhijian James Chen,12
Religious views of Adolf Hitler,12
Template:Did you know nominations/List of Wikipedia controversies,12
Quentin Tarantino,12
Yoda,12
Conspiracy theory,12
Matt Bellamy,12
Taiwan,12
Icarus,12
"United States presidential election in Maine, 2012",12
The Boondocks (TV series),12
Operation Blue Star,12
Kunta Kinte,12
Chris Christie,11
Nintendo,11
Gwyneth Paltrow,11
2008 Tibetan unrest,11
Ron Paul,11
Dianna Agron,11
Willow Smith,11
Alexandra Daddario,11
Template:Did you know nominations/Wikipediocracy,11
Bella Swan,11
Pricasso,11
One Piece,11
Ezio Auditore da Firenze,11
"Kansas City, Missouri",11
Elie Wiesel,11
ExxonMobil,11
Slender: The Eight Pages,11
Cyber Intelligence Sharing and Protection Act,10
Rajneesh,10
Dylan and Cole Sprouse,10
Jacqueline Kennedy Onassis,10
Six-party talks,10
Albanian mafia,10
J. D. Salinger,10
Richard Branson,10
Ben Affleck,10
Gabrielle Union,10
Viggo Mortensen,10
Alan Rickman,10
Frankenstein,10
Phyllis Schlafly,10
The Walking Dead (comic book),10
Ice-T,10
G. Edward Griffin,10
Assassination of Martin Luther King Jr.,10
Template:Did you know nominations/The Fine Young Capitalists,10
Foot fetishism,10
Aldi,10
Template:Did you know nominations/The Hole (Scientology),10
One World Trade Center,10
Target Corporation,10
Sega,10
Orlando Bloom,10
Special Operations OPSEC Education Fund,10
Pacific Rim (film),10
Frédéric Chopin,10
Saoirse Ronan,9
Ice Cube,9
Cote de Pablo,9
7-Eleven,9
Blockbuster LLC,9
World Trade Center controlled demolition conspiracy theories,9
Jordan Maron,9
George Orwell,9
Frank Sinatra,9
James Franco,9
2012 Aurora shooting,9
New Year's Eve (2011 film),9
Reflektor,9
Jim Varney,9
Thrift Shop,9
Instagram,9
Federal Reserve System,9
Template talk:Did you know,9
Andrew Breitbart,9
Brilliant Dadashova,9
The Finder (U.S. TV series),9
List of Wikipedia controversies,9
Assassination of John F. Kennedy,9
2014 Crimean crisis,9
Franco (General Hospital),9
John Kerry,9
The Human Stain,9
Terrence Howard,9
The Following,9
Today (U.S. TV program),8
Gabriel Macht,8
Aaron Swartz,8
Dreamcast,8
Cosplay,8
Bankruptcy of Lehman Brothers,8
Intel,8
Julia Roberts,8
List of To Kill a Mockingbird characters,8
Knights of Columbus,8
J. J. Abrams,8
Julie Andrews,8
Eustace Mullins,8
Kate Upton,8
Charlie Engle (baseball),8
Anne Hathaway,8
Manifest destiny,8
Sofía Vergara,8
The Coca-Cola Company,8
Hocus Pocus (1993 film),8
NCIS (TV series),8
Imagine Dragons,8
Meg Ryan,8
"Statewide opinion polling for the Republican Party presidential primaries, 2012",8
Vlad the Impaler,8
Kosovo,8
Collective Security Treaty Organization,8
Bank of America,8
Anna Azari,8
Jessica Nigri,8
Twilight (Meyer novel),8
International Steering Group for Kosovo,8
NATO,8
Cult of personality,8
Man of Steel (film),8
Jesse Eisenberg,8
The Legend of Korra,8
Leif Erikson Day,8
Tuskegee Airmen,8
Game of Thrones,8
Kelly Clarkson,8
Pearl Harbor,8
Les Misérables (musical),8
The Lord of the Rings,8
David Icke,8
2012 Benghazi attack,8
Al Pacino,7
Bill Hicks,7
Cisco Systems,7
The Twilight Saga: Breaking Dawn – Part 2,7
Criminal Minds,7
The Yogscast,7
John F. Kennedy assassination conspiracy theories,7
Wayne Brady,7
Houston,7
Todd Akin,7
Revelation (Third Day album),7
The Pentagon,7
Skyfall,7
Janelle Monáe,7
Chicago-style pizza,7
FC Bayern Munich,7
2014 pro-Russian unrest in Ukraine,7
Peter Dinklage,7
Garth Brooks,7
New World Order (conspiracy theory),7
Falun Gong,7
Stripped (Christina Aguilera album),7
Honolulu,7
Vorarephilia,7
Gran Torino,7
Sonic the Hedgehog,7
Aleister Crowley,7
Sustainable development,7
Six Flags Great Adventure,7
IBM,7
Salt Lake City,7
K-pop,7
Duck Dynasty,7
The Jackson 5,7
Drew Barrymore,7
Helena Cassadine,7
Guy Fawkes mask,7
Allen Ginsberg,7
The Catcher in the Rye,7
Murder of John Lennon,7
Financial crisis of 2007–2008,7
Patrick J. Adams,7
The Twilight Saga (film series),7
Red Hot Chili Peppers,7
Neoconservatism,7
Template:Did you know nominations/Wikimedia UK,7
Monsanto,7
Lay's,7
Paul Ryan,7
The Avengers (2012 film),7
H. P. Lovecraft,7
Despicable Me 2,7
Alfred Hitchcock,7
Uncle Ruckus,7
Jenny McCarthy,7
Israel Kamakawiwoʻole,7
Dan Brown,7
Drew Carey,7
SimSimi,7
Lenovo,7
Race and genetics,7
Régine Chassagne,7
Julia Volkova,7
Dania Ramirez,7
Reddit,7
Person of Interest (TV series),7
Ashley Tisdale,7
Google Panda,6
Assassin's Creed,6
Flowers for Algernon,6
Djiboutian–Eritrean border conflict,6
Ahmadiyya,6
8 Mile (film),6
Bugs Bunny,6
Arthur Conan Doyle,6
Danny Boy,6
Jennifer Garner,6
Carlos Slim,6
Vicente Fox,6
Rizzoli & Isles,6
Jimmy John's,6
The Hobbit,6
Tom Selleck,6
Kristen Bell,6
Carl Sagan,6
NAFTA superhighway,6
Tommy Lee Jones,6
Old HB,6
2008 Kosovo declaration of independence,6
Elle Fanning,6
Pita,6
Arianna Huffington,6
Meg Griffin,6
Madeon,6
Marlon Brando,6
Paul Simon,6
"Lebanese presidential election, 2008",6
Papa John's Pizza,6
Seattle,6
Count Dracula,6
Gremlins,6
Christina Aguilera,6
Nicole Kidman,6
Anwar al-Awlaki,6
Mark David Chapman,6
New York Fashion Week,6
Exxon Valdez oil spill,6
Jay Leno,6
John Schnatter,6
Cheetos,6
Knuckles the Echidna,6
Consumerism,6
Julie Larson-Green,6
2008 Turkish incursion into northern Iraq,6
Peter Griffin,6
Robert De Niro,6
1993 World Trade Center bombing,6
"Sacramento, California",6
Boston,6
American Red Cross,6
Lucy Hale,6
Brianna Wu,6
Brooks & Dunn,6
Xue Hanqin,6
"Fresno, California",6
Kroger,6
Wake Me Up When September Ends,6
Markus Persson,6
Advertising,6
Pope John Paul II,6
Leonard Nimoy,6
...Baby One More Time (song),6
Hawaii Five-0 (2010 TV series),6
ITunes,6
"Austin, Texas",6
Anne Rice,6
Abdul Rahman Hassan Azzam,6
Michelle Bachelet,6
Payback (2013),6
Frodo Baggins,6
"2008 Diplomatic Crisis between Colombia, Ecuador, and Venezuela",6
Jeff Hardy,6
"Tesla, Inc.",6
List of Revolution episodes,6
Peter Popoff,6
Santiago Cabrera,6
Goldman Sachs,5
Les Twins,5
Mandy Moore,5
Ayn Rand,5
Cthulhu,5
Sons of Iraq,5
Annuit cœptis,5
Ryan Lewis,5
List of The Host characters,5
Agents of S.H.I.E.L.D.,5
Architects & Engineers for 9/11 Truth,5
Vatican City,5
Wikia,5
Bohemian Rhapsody,5
Macklemore,5
Laura Marano,5
Billa II,5
Daniela Ruah,5
Tenacious D,5
Matisyahu,5
3M,5
Chris Martin,5
Ewan McGregor,5
Lee Thompson Young,5
Angels & Demons (film),5
Lionsgate,5
Carolyn Hennesy,5
"Nashville, Tennessee",5
Indianapolis,5
Sidharth Malhotra,5
Hard Rock Cafe,5
Template:Did you know nominations/RWBY,5
Procter & Gamble,5
The Twilight Saga: Breaking Dawn – Part 1,5
Suicide prevention,5
Beginning of human personhood,5
"Jefferson City, Missouri",5
Hayden Panettiere,5
Sarah Michelle Gellar,5
Adam Baldwin,5
Muse (band),5
Modest Mouse,5
"Evansville, Indiana",5
West Side Story,5
Miles Davis,5
United States Department of Homeland Security,5
Tim Burton,5
Budweiser,5
Are You My Neighbor?,5
Kick-Ass 2 (film),5
Wikimedia Foundation,5
Tom Waits,5
Love & Hip Hop,5
Zero Dark Thirty,5
Joss Whedon,5
Lou Pearlman,5
Hugh Laurie,5
"Statewide opinion polling for the Democratic Party presidential primaries, 2008",5
Video game journalism,5
"Facebook, Inc.",5
Denzel Washington,5
Qnet,5
Orlando Jones,5
Nineteen Eighty-Four,5
Nathan Fillion,5
Satoru Iwata,5
The Masque of the Red Death,5
General Electric,5
Template:Did you know nominations/Footpaths of Gibraltar,5
Swatting,5
Frankenstein's monster,5
Mount Rushmore,5
James Stewart,5
Studio Ghibli,5
James Roday,5
Hollywood Walk of Fame,5
Family Feud,5
Devious Maids,5
Kennedy family,5
Marvin Gaye,5
Security and Prosperity Partnership of North America,5
Assassin's Creed II,5
NSYNC,5
Don Cheadle,5
Jane Lynch,5
Grassroots fundraising,5
Illinois,5
2008 Summer Olympics medal table,5
Guy Fieri,5
Linda Hunt,5
Sean Bean,5
Jennifer Lawrence,5
Silk Road (marketplace),5
San Francisco,5
Lehman Brothers,5
Draft:Gamergate controversy,5
Charlie LeDuff,5
Madame Blueberry,5
Willow Shields,5
Rolling Stone,5
Atlas Shrugged,5
U.S. Securities and Exchange Commission,5
Dave Matthews,5
Novorossiya (confederation),5
Slender Man,5
David E. Carter,5
Sasha Alexander,5
Mahira Khan,5
James Holmes (mass murderer),5
Same-sex marriage in Delaware,5
Sonny Bono,5
Revolution 60,5
Boston Marathon bombing,5
Black Panther Party,5
Graceland (TV series),5
Sucker Punch (2011 film),5
Ashton Kutcher,5
Satire,5
The Emperor's Shadow,5
Eric Christian Olsen,4
Facepalm,4
Logan Henderson,4
Wile E. Coyote and the Road Runner,4
Julius Caesar (play),4
Toby Keith,4
General Hospital,4
Wendy Davis (politician),4
News Corporation,4
Madhuri Dixit,4
The Birds (film),4
Dracula,4
James Randi,4
Global financial crisis of 2008–2009,4
Nickelodeon,4
Amnesia,4
Damian Spinelli,4
Pepsi,4
The Marshall Mathers LP,4
Otis Redding,4
University at Buffalo,4
Jackson Rathbone,4
Where Is the Love?,4
Tim Allen,4
Hayao Miyazaki,4
List of awards and nominations received by Nicole Kidman,4
Encyclopedia Dramatica,4
Emily VanCamp,4
Atlanta,4
George Takei,4
Art Garfunkel,4
"Des Moines, Iowa",4
2011 Tucson shooting,4
"Jackson, Michigan",4
Top Gun (soundtrack),4
Samurai Jack,4
Michael Strahan,4
Inigo Montoya,4
Sonic & Knuckles,4
The Da Vinci Code,4
JPMorgan Chase,4
"Kansas City, Kansas",4
Haruhi Suzumiya,4
Attila (metalcore band),4
Adam Beach,4
Oklahoma City,4
The Weather Channel,4
"Louisville, Kentucky",4
Soap opera,4
"Carson City, Nevada",4
Libyan Civil War (2011),4
Uwe Boll,4
Chris Crocker,4
Milwaukee,4
"It's the Great Pumpkin, Charlie Brown",4
Doctor Eggman,4
Jada Pinkett Smith,4
Novus ordo seclorum,4
Hiroshi Yamauchi,4
Dennis Quaid,4
B. D. Wong,4
Regis Philbin,4
Wikipedia community,4
Brokeback Mountain,4
Template:Centralized discussion,4
Robert Duvall,4
"Fort Worth, Texas",4
Battle of Bajaur,4
Mark Harmon,4
John Birch Society,4
Giovanni Di Stefano (fraudster),4
Presidency of George Washington,4
The Lord of the Rings (film series),4
Mykhailo Dobkin,4
RTX (event),4
"Brighton, Michigan",4
National Post,4
Tentacle erotica,4
Chicago Blackhawks,4
Template:Did you know nominations/Émile Janssens,4
Hugo Weaving,4
Thandie Newton,4
American Renaissance (magazine),4
Free Hugs Campaign,4
Top Gun,4
The X Factor (U.S. TV series),4
Kimbra,4
Robin Thicke,4
Charter Communications,4
Dave Matthews Band,4
My Little Pony: Friendship Is Magic fandom,4
Nathan Bedford Forrest,4
Arsenio Hall,4
New York-style pizza,4
University of North Carolina at Chapel Hill,4
Friend zone,4
Solange Knowles,4
George Zimmer,4
Roe v. Wade,4
My Heart Will Go On,4
Richard Feynman,4
Lucy Liu,4
John Noble,4
China Anne McClain,4
Jenna Rose,4
Standard Oil,4
Jon Stewart,4
Shanghai,4
American Idol,4
Little Red Riding Hood,4
European Grouping of Territorial Cooperation,4
Pretty Little Liars (season 4),4
National Defense Authorization Act for Fiscal Year 2012,4
Portal:Current events/2008 September 16,4
Death Star,4
Outkast,4
East India Company,4
"Guns, Germs, and Steel",4
David Arquette,4
Pasta,4
Meijer,4
Subprime mortgage crisis,4
"Columbia, South Carolina",4
Eye of Providence,4
Cheesecake,4
Macbeth,4
Marquis de Sade,4
Rand Paul,4
Holly Marie Combs,4
Simon Baker,4
Kwame Kilpatrick,4
Rupert Boneham,4
PepsiCo,4
Mohammed Burhanuddin,4
2014 Isla Vista killings,4
Christopher Meloni,4
Pittsburgh,4
Portal:Current events/2008 September 19,4
Beat It,4
New Moon (novel),4
Alan Moore,4
The Price Is Right (U.S. game show),4
Richard Lynn,4
North American integration,4
GEICO advertising campaigns,4
Monkey D. Luffy,4
Coldplay,4
Anthony Anderson,4
Malaysia national football team,4
Mike Tyson,4
"Dearborn, Michigan",4
Godzilla,4
Abbottabad,4
Kellan Lutz,4
Wanz,4
Political status of Kosovo,4
Attack on Pearl Harbor,4
Tiramisu,4
Mozzarella,4
Famke Janssen,4
Matt Damon,4
Yum! Brands,4
Despicable Me,4
International Red Cross and Red Crescent Movement,4
History of Wikipedia,4
Pizza cheese,4
Norman Bettison,4
"Madison, Wisconsin",4
Rowan Atkinson,4
Sauron,4
Renée Zellweger,4
Noblesse oblige,4
Silicon Valley,4
Garry Marshall,4
Black operation,4
Where's God When I'm S-Scared?,4
Sonny Corinthos,4
Kyra Sedgwick,4
Knol,4
Josh Hartnett,4
Sonic the Hedgehog (1991 video game),4
Godzilla (1998 film),4
Tom Cruise filmography,4
Orwellian,4
David Boreanaz,4
Halloween,4
Macrophilia,4
Marvin the Martian,4
"Miami-Dade County, Florida",4
Nick Bostrom,4
Meyer Lansky,4
Eduard Khil,4
Keith B. Alexander,3
The Da Vinci Code (film),3
Ghost of Christmas Past,3
Winter War,3
Dave Chappelle,3
Going Down in LA-LA Land,3
"Republican Party presidential primaries, 2012",3
Good Luck Charlie,3
Cyndi Lauper,3
Dystopia,3
Succubus,3
Hilary Duff,3
Kosovo status process,3
General Hospital cast members,3
Zachary Quinto,3
Nelson Rockefeller,3
Dana Bash,3
Sustainable living,3
Assassination of Raul Reyes,3
Liz Vassey,3
General Hospital characters (2010s),3
Pope Alexander VI,3
David McCallum,3
Jessica Biel,3
Macbeth (character),3
Stanley Tucci,3
Andrew Nikolic,3
Toxic (song),3
Virginia Tech shooting,3
Novorossiya,3
Frankenweenie (2012 film),3
Parineeti Chopra,3
Malin Åkerman,3
Kotaku,3
Beat Generation,3
Gatorade,3
Template:Rooster Teeth Productions,3
Social media marketing,3
Sushmita Sen,3
The Big Lebowski,3
List of films with LGBT characters,3
Kmart,3
Sports Illustrated,3
Wo Fat,3
Georgia–Russia relations,3
Caterpillar Inc.,3
Ravindra Jadeja,3
Linda Fiorentino,3
Star Trek Into Darkness,3
Psych,3
Twelve Oaks Mall,3
"United States presidential election, 1980",3
List of current child actors from the United States,3
The Suburbs,3
4chan,3
Zeitgeist: Addendum,3
Great Railroad Strike of 1877,3
Cannoli,3
Ultramarathon,3
Mehcad Brooks,3
Craig McCracken,3
ABC (The Jackson 5 song),3
Thalaivaa,3
Priory of Sion,3
History of Slovakia before the Slovaks,3
Eliza Dushku,3
Alexander Hamilton,3
Ebenezer Scrooge,3
"United States presidential election, 2000",3
EUTM Mali,3
Boeing,3
Dakota Fanning,3
Institutional abuse,3
Kirko Bangz,3
Linda McMahon,3
The Hobbit: An Unexpected Journey,3
Wikipedia,3
Anti-Defamation League,3
Highlight (band),3
Christmas truce,3
Six Flags New England,3
Michio Kaku,3
Portal:Current events/2008 September 14,3
Six Flags Magic Mountain,3
Redbox,3
Sean Murray (actor),3
French Montana,3
V for Vendetta (film),3
Hulu,3
Rob Mariano,3
Zeitgeist (film series),3
Category talk:American novelists,3
E. L. James,3
Brave New World,3
Hobby Lobby,3
Template:Did you know nominations/Gandhi as a Political Strategist,3
Falafel,3
V (2009 TV series),3
Big Brother (Nineteen Eighty-Four),3
Bahrain,3
Citigroup,3
David Luiz,3
John D. Rockefeller Jr.,3
Six World Trade Center,3
Elementary (TV series),3
Mobil,3
Mike Shinoda,3
Kickstarter,3
Anna Kendrick,3
Rockefeller University,3
Reason (magazine),3
Herman Cain,3
Che Guevara,3
Jonny Lee Miller,3
Robert McNamara,3
Shōjo manga,3
"Republican Party presidential primaries, 2008",3
Minority Report (film),3
Romantic comedy,3
Phil Collins,3
Unintended pregnancy,3
National Defense Authorization Act,3
Ruffles,3
George Beattie (poet),3
Richard Simmons,3
Roots (1977 miniseries),3
Pauley Perrette,3
Subliminal stimuli,3
As You Like It,3
Jack Gleeson,3
Don't Stop Me Now,3
Adebayo Akinfenwa,3
Firework (song),3
Paul Wolfowitz,3
Battle of the Kodori Valley,3
Teenage pregnancy,3
Project for the New American Century,3
Gospel of success,3
Jamey Sheridan,3
Scott Adams,3
The Who,3
Operation Gladio,3
Evanescence,3
Kansas City metropolitan area,3
R&I,3
Crain's Chicago Business,3
Tails (character),3
Parmigiano-Reggiano,3
San Diego Comic-Con,3
The Little Prince,3
The Twilight Saga: New Moon,3
File talk:I Am America EP.jpg,3
New York metropolitan area,3
High Frequency Active Auroral Research Program,3
Template:Did you know nominations/Eugene Chelyshev,3
John Green (author),3
Simon's Cat,3
Emmy Rossum,3
Liv Tyler,3
Josh Brolin,3
Zombie (song),3
Jack McBrayer,3
Allegations of CIA assistance to Osama bin Laden,3
Naya Rivera,3
United Nations General Assembly resolution 68/39,3
Beautiful Creatures (2013 film),3
David Letterman,3
Sears,3
Wolfgang Benz,3
Lebensraum,3
Rosa Mendes,3
Mariska Hargitay,3
V for Vendetta,3
Sami Al-Arian,3
Abkhazia,3
South China Morning Post,3
Bugsy Siegel,3
Amazon (company),3
Drudge Report,3
"Springfield, Illinois",3
History of General Hospital,3
John C. Wright (author),3
Alex Jones,3
9/11 Commission Report,3
Donnie Wahlberg,3
Hank Williams III,3
Milo Ventimiglia,3
Rockefeller family,3
Runaway Bride (film),3
Streisand effect,3
SeaWorld,3
Super Mario Sunshine,3
"Rack, Shack & Benny",3
Kevin Smith,3
Billie Jean,3
CBS News,3
The Lonely Island,3
Nelly Furtado,3
Eiichiro Oda,3
"Durham, North Carolina",3
List of VeggieTales videos,3
Middle East Media Research Institute,3
Nationwide opinion polling for the Republican Party 2012 presidential primaries,3
Elijah Muhammad,3
Ian McKellen,3
Katee Sackhoff,3
Digital Games Research Association,3
E pluribus unum,3
Kitzmiller v. Dover Area School District,3
The Home Depot,3
Wheel of Fortune (U.S. game show),3
Kay Panabaker,3
Viva la Vida,3
Super 8 (2011 film),3
The Lord of the Rings: The Return of the King,3
Felipe Calderón,3
Bill Watterson,3
Jawaharlal Nehru,3
Reflection (song),3
Sergio Agüero,3
Alyson Hannigan,3
Shinji Ikari,3
Lee Myung-bak,3
"Columbus, Ohio",3
Reba McEntire,3
Chelsea Manning,3
Assassination of Indira Gandhi,3
Golan Heights,3
Jude Law,3
The Real Slim Shady,3
Debby Ryan,3
Behavioral Analysis Unit,3
Quaker Oats Company,3
Adrian Chen,3
Calvin and Hobbes,3
"Huntington, West Virginia",3
Slender: The Arrival,3
Dell,3
Cabinet of the United States,3
Steven C. Hayes,3
So Solid Crew,3
Gilded Age,3
LazyTown,3
Last Resort (TV series),3
"Gilbert du Motier, Marquis de Lafayette",3
The Wolverine (film),3
Peter Facinelli,3
Jeff Bridges,3
Tiffany Alvord,3
Apu Nahasapeemapetilon,3
Shooting of Trayvon Martin,3
Rooster Teeth,3
Piper Perabo,3
The Passion of the Christ,3
Lyndon LaRouche,3
Michael Westen,3
Les Misérables,3
Portal:Current events/2008 March 14,3
Transatlantic Union,3
South Sudan,3
Timeline of the 2008 South Ossetia War,3
Quantum Leap,3
Bon Jovi,3
InterContinental,3
Harbor Country,3
Radioactive (Imagine Dragons song),3
Sonic the Hedgehog 2,3
Lizzie Phelan,3
Dale Winton,3
Diary of a Bad Man,3
Trader Joe's,3
Ronnie Dunn,3
Jane Elliott,3
Sonic the Hedgehog 3,3
Chickpea,3
Jester,3
It's a Wonderful Life,2
"Richmond, Virginia",2
Sophie Anderton,2
Foreign policy of the George W. Bush administration,2
Halo 4: Forward Unto Dawn,2
Outrage (2009 film),2
Fyodor Dostoevsky,2
IMAX,2
Opposition to Freemasonry within Christianity,2
Hrithik Roshan,2
Epoch Times,2
James Flynn (academic),2
Global warming conspiracy theory,2
Kris Jenner,2
"Frankenmuth, Michigan",2
Ross Perot,2
Conflict-of-interest editing on Wikipedia,2
Michael Skupin,2
Community (TV series),2
The Eminem Show,2
Spanish Inquisition,2
Operation Serval,2
Virgin Galactic,2
Who Do You Think You Are? (U.S. TV series),2
Los Angeles Rams,2
Monika Olejnik,2
Category:Works about conspiracy theories,2
"Bismarck, North Dakota",2
Giorgio Armani,2
"United States presidential election, 2004",2
The Ren & Stimpy Show,2
Backstreet Boys,2
Gun control,2
Li Hongzhi,2
Chris Thile,2
Veterans Day,2
Schutzstaffel,2
Thirty Seconds to Mars,2
Gibraltar Nature Reserve,2
The Birth of a Nation,2
2008–2011 Icelandic financial crisis,2
Electronic Entertainment Expo,2
Antoni Imiela,2
Reaganomics,2
Trey Songz,2
The Walking Dead,2
Nabisco,2
Stanton Foundation,2
Cultural Revolution,2
Usman Malik,2
List of The Neighbors episodes,2
George de Mohrenschildt,2
File:General Hospital 50th Anniversary.jpg,2
"Sandy Hook, Connecticut",2
Chevron Corporation,2
Korean reunification,2
George Washington in the French and Indian War,2
Federal takeover of Fannie Mae and Freddie Mac,2
Mary Kay Bergman,2
Monty Oum,2
The Lego Group,2
Tribune Media,2
Love Story (Taylor Swift song),2
Woody Harrelson,2
Shawn Butler,2
Angie Dickinson,2
Bob Hope,2
Footpaths of Gibraltar,2
Ferrari,2
"London, Ontario",2
Edmond Dantès,2
John W. Snow,2
"Jeffersonville, Indiana",2
Jeremy Sumpter,2
Walking Dead,2
MediaWiki talk:Spam-whitelist,2
Jaron Lanier,2
Mike Trout,2
The Third Wave (experiment),2
Wedding,2
Watchmen (film),2
Rita Ora,2
Theo Rossi,2
Sk8er Boi,2
Super Bowl XLVIII,2
Man-eating tree,2
Super Bowl XXXVIII halftime show controversy,2
Devil's advocate,2
Shiva,2
1984 anti-Sikh riots,2
"Topeka, Kansas",2
Escort agency,2
File:Vivian James.jpg,2
Jack Black,2
Rorschach (comics),2
Jet fighter generations,2
Jared Gomes,2
Gibraltarpedia,2
Bangladesh Institute of Peace & Security Studies,2
List of The Closer characters,2
Iceland,2
Eden of the East,2
Kwanzaa,2
Assassin's Creed: Revelations,2
Daniel Sharman,2
Judgment of Solomon,2
Template:Stock market crashes,2
Rockefeller Center,2
Super Bowl,2
Kirsten Storms,2
Think tank,2
All Along the Watchtower,2
Applebee's,2
Social network,2
Jesse Nager,2
Guy Fawkes,2
Zoë Quinn,2
Alicia Esteve Head,2
Nikola Tesla,2
Ofra,2
Tricia Helfer,2
Six Flags America,2
Cognitive dissonance,2
Vostok Battalion,2
Hansika Motwani,2
Georges Méliès,2
Governorship of George W. Bush,2
Indiana Jones and the Temple of Doom,2
Alia Bhatt,2
Steve Ballmer,2
Last Christmas,2
Minnie Gentry,2
Dave Mustaine,2
Fashion week,2
Marley & Me: The Puppy Years,2
Withdrawal from the European Union,2
American Enterprise Institute,2
Happy Birthday to You,2
In the End,2
Rare (company),2
Open society,2
Violet Tendencies,2
Aldis Hodge,2
Skepticism,2
Girl Meets World,2
Mark Antony,2
"Olympia, Washington",2
Jeffrey Donovan,2
Exxon,2
Stuart Milk,2
Casualties of 9-11,2
Maximum Overdrive,2
Cindy Crawford,2
Rape culture,2
Ron Paul newsletters,2
George Washington in the American Revolution,2
Crazy Horse Memorial,2
Lesbianism in erotica,2
Bradley Whitford,2
Chad Duell,2
Alcoa,2
Template:Did you know nominations/Anna Azari,2
Ricky Hatton,2
Ernest P. Worrell,2
The Christmas Shoes (song),2
Anthony Mason (journalist),2
Crossroads (2002 film),2
Valve Corporation,2
Clerks,2
(You Drive Me) Crazy,2
Tim DeKay,2
"Lansing, Michigan",2
European economic interest grouping,2
Agenda-setting theory,2
Annabella Sciorra,2
Tomás de Torquemada,2
Racket (crime),2
Dream On (Aerosmith song),2
Portal:Current events/2008 September 11,2
Background of the Russo-Georgian War,2
Magic: The Gathering,2
Interreg,2
Pachinko,2
Stronger (Britney Spears song),2
Template:Great Recession,2
Michael Sheen,2
Dixie House,2
Saul Rubinek,2
Aid to Families with Dependent Children,2
Johanna Benson,2
The Blackstone Group,2
Iran Khodro,2
Hiro Nakamura,2
Pavel Durov,2
"Fort Myers, Florida",2
Casper Andreas,2
Template:Politics of the Republic of Kosovo,2
Afnan Al-Shuaiby,2
Sarah Jones (screen actress),2
Ranulph Fiennes,2
Ricky Rubio,2
Will Smith,2
Euroregion,2
North American Competitiveness Council,2
"Montpelier, Vermont",2
Nathaniel,2
Trevor Lyman,2
Norman Finkelstein,2
Chris Noth,2
"Ukrainian parliamentary election, 2012",2
Bad Girls Club (season 8),2
Holiday Inn,2
The War of the Worlds (radio drama),2
Propaganda model,2
All your base are belong to us,2
Somalia–United Kingdom relations,2
Ambassador Bridge,2
Mencius,2
Masonic conspiracy theories,2
Hello Kitty,2
Six Flags Over Texas,2
Single-bullet theory,2
List of stock market crashes and bear markets,2
Bra,2
Red vs. Blue,2
Tim Hortons,2
Sometimes (Britney Spears song),2
"Misinformation and rumors about the September 11, 2001 terrorist attacks",2
Erwin Schrödinger,2
Flash mob,2
Luke Evans (actor),2
Cambodia,2
United States Secretary of Defense,2
Korean Economic Community,2
Marinara sauce,2
James Dobson,2
Stephen Brady,2
Draw Something,2
List of programs broadcast by Disney Channel,2
Suzanne Collins,2
Adam Sandler,2
Madeleine Stowe,2
One Piece Film: Strong World,2
Craig Charles,2
Vijay (actor),2
Sneakbo,2
Jack Ruby,2
University of North Carolina,2
Israel-related animal conspiracy theories,2
Economy of Asia,2
ISO 4217,2
Council on Foreign Relations,2
Larry Sanger,2
Alyson Stoner,2
Template:The Walking Dead,2
Innocence of Muslims,2
Banjo-Tooie,2
Ramzi Yousef,2
Deindividuation,2
Watership Down (film),2
The Short Second Life of Bree Tanner,2
Nikki Reed,2
Aamir Liaquat Hussain,2
Dallas–Fort Worth metroplex,2
Andrew Schlafly,2
List of video games with LGBT characters,2
Without Me,2
Hashim Thaçi,2
Max Irons,2
Lauren London,2
Foreign relations of Kosovo,2
Richard Lewontin,2
The Selfish Gene,2
"Little Rock, Arkansas",2
Sherlock Holmes: A Game of Shadows,2
They Might Be Giants,2
I Got You Babe,2
The Toy That Saved Christmas,2
Kyle Chandler,2
Univerzitet u Prištini,2
Michael Emerson,2
Francis Ford Coppola,2
Cato Institute,2
Allison Scagliotti,2
George Washington and slavery,2
Q Group,2
ARCO,2
Park Geun-hye,2
Six Flags Great America,2
MediaWiki,2
Wildlife,2
John Quiñones,2
Flynn effect,2
Polonica.net,2
Robert F. Kennedy,2
American Family Association,2
Bokito (gorilla),2
Lil B,2
"Hartford, Connecticut",2
Anthony Head,2
Portal:Current events/2008 September 12,2
Operation Yewtree,2
Dulé Hill,2
Soviet cruiser Varyag,2
Pizza,2
George Washington University,2
Richard Castle,2
Olly Murs,2
Lois Griffin,2
Savant (musician),2
Weekly Shōnen Sunday,2
Timeline of the Russo-Georgian War,2
Template talk:Human intelligence topics,2
Burnie Burns,2
Regina Hall,2
Bela Lugosi,2
Battleship Potemkin,2
Linux,2
Hat,2
Captain Pugwash,2
Criticism of the 9/11 Commission,2
Jang Song-thaek,2
Aaron McGruder,2
Deputy Prime Minister of Australia,2
Liliana Mumy,2
File talk:Democratic presidential primary.png,2
The Big Gay Musical,2
Bob Filner,2
Romani people,2
Donald Rumsfeld,2
Chen Guangcheng,2
Symbionese Liberation Army,2
Nathan Hale,2
Joseph Cotten,2
The Tell-Tale Heart,2
Gerard Way,2
Kosovo precedent,2
Jessica DiCicco,2
Gary Weiss,2
Kipkay,2
CNBC,2
Chick-fil-A,2
Bruce Campbell,2
Oedipus,2
Demographics of Portugal,2
Greater Albania,2
Black or White,2
List of Serbs,2
Webcomic,2
Lucky (Britney Spears song),2
Sudanese conflict in South Kordofan and Blue Nile,2
Reign Over Me,2
Pancho Villa,2
Matchbox Twenty,2
VeggieTales,2
Renaissance Center,2
Lonnie Quinn,2
The 700 Club,2
SuperValu (United States),2
Sex industry,2
Solid South,2
2008 Tibetan demonstrations,2
List of NCIS episodes,2
Dr. Seuss,2
Danny Elfman,2
Neon Genesis Evangelion (franchise),2
Edward Bernays,2
Eric Bogosian,2
The Young and the Restless,2
Abby Sciuto,2
David Arnold,2
Monica Quartermaine,2
Chrysler,2
Intelligence Authorization Act for Fiscal Years 2014 and 2015,2
Pawn (chess),2
Political status of Taiwan,2
Disturbia (film),2
QuikTrip,2
Sears Holdings,2
Navy Pier,2
Ali Larter,2
Patrick Drake,2
Cowgirls Don't Cry,2
George A. Romero,2
Pavlov's Dog (band),2
List of banks acquired or bankrupted during the Great Recession,2
Bette Midler,2
Cogent Systems,2
That's My Boy (2012 film),2
New Atheism,2
"Tallahassee, Florida",2
Josh and the Big Wall!,2
Big Bang (South Korean band),2
The Lord of the Rings: The Fellowship of the Ring,2
Jerry Jacks,2
Category:Songs from Top Gun,2
Under Pressure,2
Jonathan Ross,2
George W. Bush's second term as President of the United States,2
Taylor Swift,2
List of Person of Interest episodes,2
"Frankfort, Kentucky",2
Tamera Mowry,2
Armani,2
Frankfurt School,2
Political activities of the Koch brothers,2
White Collar (TV series),2
Man in the Mirror,2
Early life of George W. Bush,2
Straight edge,2
Patrick Stewart,2
Continuation War,2
Umayyad conquest of Hispania,2
Robert Cooper (strategist),2
1948 Palestinian exodus,2
Homeschooling international status and statistics,2
Zeitgeist: Moving Forward,2
Johnson & Johnson,2
Jennifer's Body,2
James Arthur,2
Walking,2
Andy Samberg,2
Dean Barrow,2
Nina Wadia,2
ICloud leaks of celebrity photos,2
Covert Affairs,2
Michael Corinthos,2
Just the Way You Are (Bruno Mars song),2
Dick Cheney hunting incident,2
Sheldan Nidle,2
Ted Danson,2
Michael Dante DiMartino,2
Wikipedia Seigenthaler biography incident,2
Novak Djokovic,2
Chrysler Group LLC,2
Lego,2
Tropicana Products,2
Sexual fetishism,2
"Ron Paul presidential campaign, 2008",2
New Radicals,2
Louis Armstrong,2
Like a Prayer (song),2
André 3000,2
Justin Bieber,2
"I, Me Aur Main",2
3 World Trade Center,2
French Revolution of 1848,2
Adam West,2
Miss Rose White,2
Henry Paulson,2
Lose Yourself,2
Destiny's Child,2
Template:CBS News Personalities,2
Loverboy (2005 film),2
Buffy the Vampire Slayer,2
Sharyl Attkisson,2
Madhesh Identity in Nepal,2
Ain't No Mountain High Enough,2
"Papal conclave, 2013",2
Timeline of Occupy Wall Street,2
Cleavage (breasts),2
UDG Healthcare,2
Rob Thomas (musician),2
Vincent D'Onofrio,2
Magikarp,2
Varyag,2
Ben Swann,2
The Advocate,2
Bobby Fischer,2
R. J. Ellory,2
Michael Weatherly,2
Hiram Abiff,2
Cuba,2
Processed cheese,2
Ellen Page,2
Don't Let Me Be the Last to Know,2
Warehouse 13,2
Kix Brooks,2
Osama bin Laden's compound in Abbottabad,2
Great Lakes,2
Choose Life license plates,2
Tears for Fears,2
Robin Scorpio,2
Southern Poverty Law Center,2
Kathy Najimy,2
Logic (musician),2
Subway Surfers,2
Assassin's Creed (video game),2
Frankfurt School conspiracy theory,2
Hyundai Motor Company,2
Education,2
2013 Moore tornado,2
HuffPost,2
International Civilian Representative for Kosovo,2
South Africa,2
Janeane Garofalo,2
Estimated number of guns per capita by country,2
Sebastian Stan,2
Emily Deschanel,2
Charlie Engle,2
"Lincoln, Nebraska",2
Lead Me On (Amy Grant song),2
Hansel and Gretel,2
Special 26,2
Nintendo 64,2
Pat Kenny,2
Peter Thiel,2
Sockpuppet (Internet),2
Shraddha Kapoor,2
Sing for the Moment,2
"Peyton List (actress, born 1998)",2
Moe Szyslak,2
Thora Birch,2
7'eren,2
Bruno Mars,2
Robert Pastor,2
Sir Mix-a-Lot,2
Because of You (Kelly Clarkson song),2
"Old Union School (Chesterville, Ohio)",2
Indiegogo,2
Jay and Silent Bob,2
Military career of George Washington,2
Ghost of Christmas Yet to Come,2
LGBT themes in video games,2
Motivations of Wikipedia Contributors,2
Yami Gautam,2
I'm with You (song),2
Disaster,2
"Rick Santorum presidential campaign, 2012",2
Michelle Trachtenberg,2
Karl Marx,2
1984 (advertisement),2
Byron Mullens,2
File:The Fine Young Capitalists logo.jpg,2
Richard Garfield,2
Jet (Australian band),2
"Cheyenne, Wyoming",2
One Ring,2
William Boyd McCleary,2
Foster's Home for Imaginary Friends,2
Fazoli's,2
Baby Got Back,2
Finding Nemo,2
Wells Fargo,2
Orson Welles,2
Alberto Gonzales,2
Red Tails,2
"Statewide opinion polling for the April, May, and June Democratic Party presidential primaries, 2008",2
Professional life of George W. Bush,2
Don Knotts,2
Xi Jinping,2
Morgenthau Plan,2
Media bias,2
"Harrisburg, Pennsylvania",2
The Murders in the Rue Morgue,2
Steven Tyler,2
VKontakte,2
Pompeii,2
Anonymity,2
"Phoenix, Arizona",2
Palestinian refugees,2
Reader's Digest,2
"Diana, Princess of Wales",2
History of the Electronic Entertainment Expo,2
Puella Magi Madoka Magica,2
Haruhi Suzumiya (character),2
Anthony Bennett (basketball),2
One Liberty Plaza,2
Autumn Reeser,2
Chris Colfer,2
List of stutterers,2
Nicholas Brendon,2
Let It Be (song),2
Construction of Mount Rushmore,2
Guy Fawkes Night,2
Louisiana Science Education Act,2
Bolwar Mahammad Kunhi,2
The Gilded Age: A Tale of Today,2
2013 Indian Premier League,2
European Council,2
Dow Jones Industrial Average,2
David Carter (disambiguation),2
Simon & Garfunkel,2
Better Tomorrow (album),1
Benjamin Bratt,1
Knight and Day,1
Hamtaro,1
Makenzie Vega,1
The Alex Jones Show,1
Tigres UANL,1
Eurodistrict,1
Gina Bellman,1
"Palo Alto, California",1
Mackenzie Foy,1
Save-A-Lot,1
Justin Lee (diplomat),1
Elizabeth Webber,1
Tesla Experimental Station,1
Luke and Laura,1
John McEwen,1
Liberty Movement,1
Family Guy (season 5),1
Go On (TV series),1
"Statewide opinion polling for the April and beyond Democratic Party presidential primaries, 2008",1
Alain Michel (football manager),1
David Walliams,1
Jaime Hinckson,1
Eclipse (Meyer novel),1
Hugo (film),1
Transfer of sovereignty over Hong Kong,1
Eddermys Sanchez,1
Senate of the Philippines,1
Tommy Seebach,1
Giovanni Ribisi,1
Engineering,1
Grave of the Fireflies,1
Timeline of the European colonization of North America,1
Annie Parisse,1
Zachary Levi,1
Sainsbury's,1
Elizabeth Taylor,1
Coming Up for Air,1
Ray Teret,1
Southern strategy,1
House of Five Leaves,1
John Powell (film composer),1
Nolan Gould,1
Mariano Rajoy,1
My Prerogative,1
Suncake (Taiwan),1
Jack Kerouac,1
Kraft Foods,1
October 25,1
Love the Way You Lie,1
List of Sabrina: The Animated Series episodes,1
West Fertilizer Company explosion,1
North German Confederation,1
"Mandarin Oriental, Atlanta",1
"Dover, Delaware",1
IJustine,1
Andrew Niccol,1
File:Yoda Attack of the Clones.png,1
South Ossetia,1
Paula Cox,1
George Washington,1
Sbarro,1
Laila Iskander,1
Zaatari refugee camp,1
Flower girl,1
Libertarian Party (United States),1
George W. Bush,1
Ferret-legging,1
Kincora Boys' Home,1
Volume and extent of the Deepwater Horizon oil spill,1
Brian J. White,1
The Alan Parsons Project,1
Kristin Cavallari,1
Petri dish,1
Reactions to the International Court of Justice advisory opinion on Kosovo's declaration of independence,1
American Indian Movement,1
Template:Did you know/Preparation area 1,1
Muhammad Tahir-ul-Qadri,1
University of Illinois at Urbana–Champaign,1
List of Adventures of Sonic the Hedgehog episodes,1
David Hasselhoff,1
Scarlett Johansson,1
Mediterranean Sea,1
Elie Tahari,1
Astroturfing,1
Survival sex,1
Edward the Blue Engine,1
Southern Christian Leadership Conference,1
"Mervyn King, Baron King of Lothbury",1
Laurence Fishburne filmography,1
Depression Quest,1
The Lost Motorcycle Club,1
Template:Did you know nominations/Blue whale penis,1
British Television Rating System,1
Image Comics,1
The Franklin's Tale,1
German Confederation,1
Aniplex,1
"Red vs. Blue: Where There's a Will, There's a Wall",1
Grandpa Jones,1
Samm Levine,1
Template:Neon Genesis Evangelion,1
Breaking Bad,1
Ed Begley Jr.,1
Bo Xilai,1
Safeway Inc.,1
Bad Robot Productions,1
Rupert Gregson-Williams,1
Booba,1
Kim Sung-joo (entrepreneur),1
Alana de la Garza,1
Indra Putra Mahayuddin,1
Mitteleuropa,1
Lisa Robertson,1
UNRWA,1
Robert Hill (Australian politician),1
Deletionism and inclusionism in Wikipedia,1
Jerry Bruckheimer,1
Ford Foundation,1
Ancestry of George Washington,1
Princess Lalla Joumala Alaoui,1
William Malet (companion of William the Conqueror),1
AJ Michalka,1
Anaconda Plan,1
Richard Littlejohn,1
Gatorade shower,1
Roger Pearson (anthropologist),1
The New Yorker,1
Invader Zim,1
Tarzan (1999 film soundtrack),1
"Herman Cain presidential campaign, 2012",1
Product placement,1
Rouge the Bat,1
Very Silly Songs!,1
McNair Barracks,1
House (TV series),1
People's Front (Ukraine),1
John Mayhew (musician),1
Battle of Haslach-Jungingen,1
"European Parliament election, 2014",1
Debunker,1
Tony Moore (artist),1
NeoGAF,1
Rodrigo Santoro,1
Karl Hood,1
Grace Darmond,1
George H. W. Bush,1
Independence Day (Martina McBride song),1
File:Ann Dunham with father and children.jpg,1
Kuruvi,1
List of Magical Negro occurrences in fiction,1
Tea Party protests,1
Famirul Asyraf Sayuti,1
Operation Northwoods,1
AnnaSophia Robb,1
Yin Yang Yo!,1
Prince Michael Jackson I,1
Sexpo,1
Government of Free Vietnam,1
Possibility (song),1
Alice Englert,1
Macau,1
Amber Mariano,1
Chris Pine,1
Nicholas D'Agosto,1
Chery,1
Extreme Ghostbusters,1
Assassin's Creed: Brotherhood,1
Social control,1
Peter Westmacott,1
Lady Starlight,1
Steve Guttenberg,1
Flo (Progressive),1
Lock (security device),1
Rango (2011 film),1
Collaborative Arts Project 21 (CAP21),1
Bahraini uprising of 2011,1
Jeffrey Dean Morgan,1
Lucha Libre AAA Worldwide,1
Cory Booker,1
Teign School,1
Newton massacre,1
Élisabeth Guigou,1
God Wants Me to Forgive Them!?!,1
Regional policy of the European Union,1
Grinch,1
Sam Kutesa,1
2 World Trade Center,1
Pappyland,1
Taylor Lautner,1
Heather Webber (General Hospital),1
Kodi Smit-McPhee,1
William Kamm,1
"Jump in the Line (Shake, Señora)",1
Paloma Faith,1
Danube–Kris–Mureș–Tisza Euroregion,1
Alden Ehrenreich,1
Shigeru Miyamoto,1
Seventh season of American Idol,1
The Lanesborough,1
The Possession,1
Richard Karn,1
John Daly (golfer),1
Vivian Dsena,1
Angels & Demons,1
Harrison Ford,1
Carla Ortiz,1
Sinaitakala Fakafanua,1
Knight,1
File:Barack Obama's Kenyan relatives.jpg,1
Johnny Zacchara,1
Roman Polanski sexual abuse case,1
Qilin in popular culture,1
Joel David Moore,1
Category:Slender Man,1
Men's rights movement,1
Quantum mechanics,1
Corporate personhood,1
EUFOR Tchad/RCA,1
Template:Did you know nominations/Melaleuca nodosa,1
DPS MMS scandal,1
Helena Seger,1
Bill Viola,1
Jason Collins,1
"Boise, Idaho",1
Leslie Mann,1
Buddy Garcia,1
James Franco filmography,1
Template:Help pages header,1
All China Federation of Industry & Commerce,1
John F. Kennedy,1
Masi Oka,1
List of Disney television series,1
Rotherham child sexual exploitation scandal,1
Nicholas G. Carr,1
Skyfall (Adele song),1
Desmond Miles,1
"Camilla, Duchess of Cornwall",1
Farewell Sermon,1
Insurgency in the Preševo Valley,1
Steven Rubenstein,1
John Ingle,1
"Mars, Incorporated",1
Bill Slater (politician),1
Recession of 2008,1
United States presidential debates,1
Seif Sharif Hamad,1
Hans Eysenck,1
"Sandip Verma, Baroness Verma",1
Black hair,1
Oh Oh (Guy Sebastian song),1
Lukas Haas,1
"Wetumpka, Alabama",1
Alice Faye,1
Danny Lasoski,1
Duncan Taylor (diplomat),1
Juliette Fretté,1
Mike Epps,1
Charisma Carpenter,1
Kerris Dorsey,1
Justine Elliot,1
Russian cruiser Varyag,1
Achievement Hunter,1
Kaina Martinez,1
Parvin Ardalan,1
Juan Ponce de León,1
History of the race and intelligence controversy,1
Tom Daley,1
Aldous Huxley,1
Human cannibalism,1
Behavioral activation,1
IQ and Global Inequality,1
Sonarika Bhadoria,1
Allyson Robinson,1
Three Men and a Baby,1
Mohammad Mostafaei,1
Yertle the Turtle and Other Stories,1
Miranda Otto,1
Panda algorithm,1
Runway (fashion),1
Scott Baldwin,1
March 12,1
K. Rahman Khan,1
Bereshit (parsha),1
Demographics of Latvia,1
The Cheesecake Factory,1
Gangnam Style,1
The Walt Disney Company,1
John Saxon,1
Sergejs Fjodorovs,1
Jimmy Bennett,1
Paoli Dam,1
Paraphilia,1
"Hamtramck, Michigan",1
Template:Semi-retired/doc,1
Wish You Were Here (Avril Lavigne song),1
Dilbert,1
Hephaestus,1
Bat,1
Britney Spears,1
Adam Sessler,1
List of Elementary episodes,1
Jean Valjean,1
Ken Lamberton,1
Jim Carrey,1
Mardi Gras in New Orleans,1
Elisabeth Shue,1
Muhammad Ilyas Qadri,1
Category:Italian unification,1
Race and crime in the United States,1
Maria Riva,1
Timeline of military conflict in South Ossetia,1
Franz Lidz,1
Portal:Current events/2008 December 8,1
Template talk:Sockpuppet,1
Constitutional status of Kosovo,1
Akbaruddin Owaisi,1
List of Presidents of the United States by political affiliation,1
Land rehabilitation,1
Rupert Degas,1
Bat Boy (character),1
Herbert (Family Guy),1
Odette Annable,1
No Country for Old Men (film),1
International reaction to the Russo-Georgian War,1
Carl Bernstein,1
Mahmoud Abbas,1
"Mansfield, Texas",1
"Avon Lake, Ohio",1
Ignite (event),1
"Savannah, Georgia",1
Portal:Current events/2010 October 2,1
International Civilian Representative,1
Tribute in Light,1
Anti-Azerbaijani sentiment in Armenia,1
Revolutionary Armed Forces of Colombia,1
Jonah Falcon,1
Greater Somalia,1
Ballad,1
Square and Compasses,1
Sharon Halford,1
The Heritage Foundation,1
Pug,1
Heather Morris,1
Modern Family,1
Confessions of an Economic Hit Man,1
Northern Iraq offensive (August 2014),1
Michael C. Hall,1
Don't Stop Believin',1
Alexander Khodakovsky,1
Sixth Amendment to the United States Constitution,1
List of General Hospital characters (1970s),1
Arnold Schwarzenegger,1
"Hawaii Five-0 (2010 TV series, season 3)",1
John Meyers (American football),1
E.T. the Extra-Terrestrial,1
Srinivasa Ramanujan,1
"Barack Obama presidential campaign, 2008",1
Griefer,1
Jodie Foster,1
Peter Gabriel,1
Duncan Lewis,1
Vanth (moon),1
The Host (soundtrack),1
Social issues in Germany,1
Gabrielle Anwar,1
Danger Zone (song),1
List of Weebl's cartoons,1
WikiLeaks,1
Beer for My Horses,1
Giovanni di Stefano,1
Wiki Educational Resources,1
Hall & Oates,1
Category:LGBT and video games,1
2008 South American diplomatic crisis,1
Everytime,1
2012 South Carolina Republican primary,1
Jay Stamper,1
Genesis (band),1
World Trade Center site,1
The Joy of Painting,1
Mark Hamill,1
Hilary Swank,1
Gunslinger Girl,1
Wedding invitation,1
Rosemarie DeWitt,1
Template:Userbox Ex-Wikipedia,1
Superman ice cream,1
Myles Standish,1
List of assassinated American politicians,1
Stop Online Piracy Act,1
Saw IV,1
Andy Chrisman,1
Clea DuVall,1
Template:RoosterTeeth,1
Black,1
Kung Fu Hustle,1
Hill 57,1
Sarmila Bose,1
Jim Yong Kim,1
Howard Zinn,1
Sterling Beaumon,1
List of aircraft carriers by country,1
List of tenants in One World Trade Center,1
Pamela Rogers Turner,1
SaarLorLux,1
Ayyan (model),1
WER,1
Mozzarella sticks,1
Moradabad,1
Miami,1
Victor Webster,1
Fukuoka,1
Seattle Mariners minor league players,1
War on Terror,1
Puebloans,1
Holy See,1
"Forks, Washington",1
May 2,1
Anheuser-Busch,1
Kings and Queens (Thirty Seconds to Mars song),1
Anthony Geary,1
"Trenton, New Jersey",1
You've Got Mail,1
La Niña,1
"Marist Catholic High School (Eugene, Oregon)",1
Elizabeth Mitchell,1
Wellwer,1
The Wolf Man (1924 film),1
Stacy Keibler,1
Drury Hotels,1
Asa Butterfield,1
Jim Thornton,1
Duane Jones,1
Pîhtokahanapiwiyin,1
Super Mario RPG,1
Finger snapping,1
Benelux,1
Brian Leiter,1
Paramore,1
Living Dead,1
Template:Did you know nominations/Kharkhorin Rock,1
Float On (Modest Mouse song),1
Evan Williams (diplomat),1
Chris Dickens,1
Michael Glennon (former priest),1
Hideaki Anno,1
Simon of Bet-Titta,1
Identity politics,1
Tony Cox (actor),1
List of vegetarians,1
Milo Yiannopoulos,1
Operation Terror,1
Nizar Madani,1
Bob Hawke,1
Claire McCaskill,1
Phyllis Diller,1
Revolutionary Vol. 2,1
Elizabeth Reaser,1
Skyscraper fire,1
White House,1
Jon Benjamin (diplomat),1
Liam Hemsworth,1
Cillian Murphy,1
Reichsführer-SS,1
William Malet (died 1071),1
Dhoom 3,1
Godzilla vs. Gigan,1
Henri Isingoma,1
Cupcake,1
Online magazine,1
List of General Hospital characters (1980s),1
Brendan Fraser,1
Varun Dhawan,1
Tuiloma Neroni Slade,1
Billy Zane,1
Jewish Internet Defense Force,1
Golden Arches,1
Rome (TV series),1
Jennifer Love Hewitt,1
Transatlantic relations,1
Inc. (magazine),1
Love Bites (Def Leppard song),1
Wikipedia controversies,1
Priyanka Chopra,1
Hungry Like the Wolf,1
Candice Michelle,1
Consejo Mundial de Lucha Libre,1
Scott Bloch,1
CBS Evening News,1
Recovery (Eminem album),1
Jaleel White,1
Álvaro Santos Pereira,1
Rockefeller Foundation,1
Kate Allen (Amnesty International),1
World Economic Forum,1
Johnny Cash,1
Capricorn Coast National Park,1
William Luther Pierce,1
Thoughtcrime,1
Elizabeth Dilling,1
Bill Nighy,1
Simon Mignolet,1
Tennis Court Oath,1
Reuben Meade,1
Miriam Makeba,1
Cyril Smith,1
Jason Sanford,1
Raúl Reyes,1
The Impossible (2012 film),1
Eye in the Sky (song),1
Random-access memory,1
Krystal Ball,1
Montrose Review,1
Gohine Shobdo,1
Jewel (supermarket),1
Personhood,1
Richard Gere,1
Jizz in My Pants,1
Jan Cheek,1
Da Boom Crew,1
Anheuser-Busch InBev,1
TFYC,1
Tori Kelly,1
Mighty Wings,1
Webserver directory index,1
Marble Hornets,1
All-China Federation of Industry & Commerce,1
John C. McGinley,1
Clinton H. Stagg,1
Pope Francesco,1
Iranian Space Agency,1
Frankenweenie (1984 film),1
"Crimean status referendum, 2014",1
Jeff Lima,1
Alan Crosland,1
Jorge Garcia,1
Khanda (Sikh symbol),1
The Great Atlantic & Pacific Tea Company,1
Anthony Phillips,1
Huntington–Ashland metropolitan area,1
Linda Gray,1
Kali Hawk,1
Template:Politics of Bolivia,1
Linda Hogan,1
Cardinal Jorge Bergoglio,1
Rogers Commission Report,1
The Heist (album),1
Janet Leigh,1
Kiss & Tell (Selena Gomez & the Scene album),1
Brian Griffin,1
Ukraine,1
Template:Cryptozoology,1
Lyle the Kindly Viking,1
Shenzhen,1
God complex,1
Anton Corbijn,1
Satoshi Kon,1
Amir Blumenfeld,1
The Phantom of the Opera (2004 film),1
Pullman Strike,1
Wedding dress,1
J. Cole,1
John William Waterhouse,1
Justin Chon,1
Tyler James Williams,1
MyWikiBiz,1
TotalBiscuit,1
Erik (The Phantom of the Opera),1
Jonny Evans,1
United Nations Security Council,1
Danny Pino,1
Hybrid Theory,1
"Ironton, Ohio",1
Richard Wisker,1
Lindsay Sloane,1
Thomas Mann (actor),1
Kickin' It,1
Jimmy Savile sexual abuse scandal,1
Kerry Bishé,1
Mondoweiss,1
Down in the Groove,1
Linus Roache,1
Anna Devane,1
A. J. Cook,1
King (chess),1
Maurice LaMarche,1
Aftermath of the 2011 Tōhoku earthquake and tsunami,1
I Wanna Talk About Me,1
Eugene V. Debs,1
Kelly Monaco,1
Longboarding,1
Omnipotence,1
Kiki's Delivery Service,1
Breaking Dawn,1
Amy Acker,1
Cultural Marxist,1
Hugh Hefner,1
Giuseppe Mazzini,1
"2008 diplomatic crisis among Colombia, Ecuador and Venezuela",1
HIStory World Tour,1
United States Department of Defense,1
Missing Persons (band),1
John B. Trevor Jr.,1
Richard Graham (politician),1
Derren Brown,1
Gattaca,1
Alec Baldwin,1
Ridley Scott,1
"Raleigh, North Carolina",1
Library of Birmingham,1
Blossom Elfman,1
Pan-European nationalism,1
Economic policy of the Barack Obama administration,1
Super Bowl XXXVIII,1
The Conjuring,1
John D. Rockefeller,1
Mr. Roboto,1
Matt Thistlethwaite,1
Alexa Vega,1
The Holy Books of Thelema,1
"Montgomery, Alabama",1
Into the Wild (Uriah Heep album),1
Beth Littleford,1
Wrecker (comics),1
Decode (song),1
List of fictional diseases,1
Alison Lohman,1
Sasha Pieterse,1
Wayne Madsen,1
Template:Did you know nominations/Charlie Engle (infielder),1
Deletion,1
Borough of Manhattan Community College,1
The Godfather Part II,1
Honeymoon,1
The Strangerhood,1
Ralph T. O'Neal,1
Seal (musician),1
Sean Astin,1
Declaration of Independence of the Republic of Crimea,1
Paul Brummell,1
2014 FIFA World Cup,1
Nyan Cat,1
Giovanni Di Stefano (businessman),1
Andrew Napolitano,1
Daredevil (film),1
Eagle Award (comics),1
Saeed Abedini,1
Circle K,1
CZ12,1
Bain Capital,1
Flashdance... What a Feeling,1
Jeff Triplette,1
Pomplamoose,1
Daniel Powter,1
Jenny Wade,1
The Price Is Right (UK game show),1
Interscope Records,1
Pocahontas (character),1
Fan service,1
"San Diego County, California",1
Morgan Freeman,1
Gregor Mendel,1
Osman Saleh Mohammed,1
Rozen Maiden,1
Carpathian Euroregion,1
Moon River,1
"Serbian presidential election, 2008",1
Jacob Black,1
Blowin' in the Wind,1
Joey King,1
Hage Geingob,1
Tuareg rebellion (2012),1
2001 in spaceflight,1
Whole Foods Market,1
Gallagher (comedian),1
Holmies,1
Barack Obama presidential eligibility litigation,1
Blond,1
Ahold,1
Template:Rooster Teeth machinima,1
List of massacres in the United States,1
Governor of Queensland,1
List of premature obituaries,1
Huey's,1
LinkedIn,1
Euromaidan,1
Pillsbury Doughboy,1
Template:Armed Iraqi groups in the Iraq War and the Iraq Civil War,1
Take My Breath Away,1
Anti-Masonry,1
Tribute (song),1
Simon Shaheen,1
Reich Main Security Office,1
Foreign relations of Northern Cyprus,1
Jaimie Alexander,1
Ed Gein,1
List of Theodore Tugboat episodes,1
The Fog of War,1
Maia Mitchell,1
Taxicabs of the United States,1
Elements of Life,1
Mel Martínez,1
Ramez Dayoub,1
Arianny Celeste,1
Six Flags Fiesta Texas,1
Trauma trigger,1
"St Edward's College, East Gosford",1
Template:Arbitration enforcement/Archive navbox,1
"DuPage County, Illinois",1
Papam Franciscum,1
Peter Norman,1
Václav Nový,1
List of Stoked episodes,1
MC Frontalot,1
Sato Kilman,1
Chadwick Boseman,1
Utoni Nujoma,1
Coquitlam,1
Patrick Leahy,1
Rudolph Valentino,1
Anthony Shaffer (intelligence officer),1
Gestapo,1
Robert Capron,1
Category:Wikipedia sockpuppets of Zeitgeist-Movement-Member,1
Sharlene Cartwright-Robinson,1
Social movement,1
File:BarackStepdad.JPG,1
"Newtown, Connecticut",1
Atlanta metropolitan area,1
Northern Cheyenne Exodus,1
Chitauri,1
Cameron Diaz,1
General Court (European Union),1
PANICS,1
Oak Cliff,1
Nepal,1
"Clayton, North Carolina",1
Paula Cole,1
Apolo Ohno,1
New World China Land,1
HMV,1
Mahamoud Ali Youssouf,1
Mason Cook,1
Maggie Lawson,1
Robert Kirkman,1
Armand Assante,1
Frankie Muniz,1
Rob Morrow,1
Christina Milian,1
Yvonne Craig,1
Smith family (show business),1
"Tulsa, Oklahoma",1
Daniel Kablan Duncan,1
Bartolomé de las Casas,1
Ghostbusters (disambiguation),1
Bill Ayers,1
Sosie Ruth Bacon,1
Robert Boyle,1
James Kyson,1
Hugh Segal,1
IPhone 4,1
Eosin,1
Andrew Lawrence (actor),1
The Butler,1
Saruman,1
Noomi Rapace,1
Mount Tabor,1
Vegas (2012 TV series),1
Matt Ryan (American football),1
Oklahoma City bombing,1
Structural Funds and Cohesion Fund,1
Malcolm Rifkind,1
Laura Numeroff,1
Controversial Reddit communities,1
Everything Is Broken,1
Imitation cheese,1
Voting in the Council of the European Union,1
Chiara Zanni,1
File talk:Kosovo relations.png,1
Freedom Riders,1
Vettaikaaran (2009 film),1
Kiva (organization),1
DeObia Oparei,1
Robert Madgwick,1
Cheese analogue,1
Vartan Vahramian,1
Bill Buckner,1
Book of Mormon,1
"Minister for Trade, Tourism and Investment",1
Cuba Gooding Sr.,1
Red vs. Blue: MIA,1
Gilles de Rais,1
Alexis Davis,1
Maggie Grace,1
List of Pair of Kings episodes,1
2008 breach of the Gaza–Egypt border,1
Head First (Uriah Heep album),1
Vernon Ellis,1
Salvador Dalí,1
Johnny Knoxville,1
New antisemitism,1
Picket Fences,1
Roselyn Sánchez,1
Bajaur offensive,1
Noah Gray-Cabey,1
Brendan Meyer,1
Overprotected,1
Abdullatif bin Rashid Al Zayani,1
Brown hair,1
Template:Campaignbox 2011 Libyan civil war,1
John DiMaggio,1
Religious abuse,1
Top Gun Anthem,1
Final Destination,1
Omar al-Bashir,1
Badgers (animation),1
Younès Belhanda,1
Category:Fictional knights,1
Stand by Me (Ben E. King song),1
CTBC Bank,1
List of events named massacres,1
Abdul Qadir al-Badri,1
The Hole (Scientology),1
Lyrikline,1
Busch Gardens Tampa Bay,1
Sylvie Vartan,1
John McCarthy (Australian diplomat),1
List of month-long observances,1
Adam's Curse (poem),1
I Am America,1
Sam McCall,1
Joey Lawrence,1
"Vojvodina provincial election, 2008",1
Fátima Ptacek,1
Aziz Shavershian,1
Politicization of science,1
Gaurav Shumsher JB Rana,1
Cosmopolitan (magazine),1
Whose Line Is It Anyway? (U.S. TV series),1
Dashboard Confessional,1
Marcello Truzzi,1
Republican presidential primaries 2012,1
Basement Jaxx,1
Superman Returns,1
Peter Riva,1
Template:Did you know nominations/Bai Yansong,1
List of Teenage Mutant Ninja Turtles (2012 TV series) episodes,1
The Suite Life of Zack & Cody,1
Eleanor Tomlinson,1
28 Days Later,1
Andrés Manuel López Obrador,1
"File:Barack Hussein Obama, Sr..jpg",1
Robert Kardashian,1
Rape fantasy,1
World Pizza Championship,1
Caroline Flack,1
Sabrina: The Animated Series,1
Sarah Chalke,1
Evolutionary psychology,1
Gabriel Mann,1
Template:Colombia conflict,1
2013 in Canadian music,1
Alfred Molina,1
Friends with Benefits (film),1
Tony Curtis,1
Vishwaroopam,1
Presidency of George W. Bush,1
The Price Is Right,1
Uniform fetishism,1
Natalie Lander,1
Ekmeleddin İhsanoğlu,1
The Bangles,1
Social networking service,1
Somewhere Over the Rainbow/What a Wonderful World,1
Spirit: Stallion of the Cimarron,1
1967,1
The Great Game,1
George Ryan,1
Corbin Bleu,1
Template:Did you know nominations/Who Am I (Casting Crowns song),1
Amandla Stenberg,1
Plessy v. Ferguson,1
Lisa Biron,1
Jamie Campbell Bower,1
Category:Obama family,1
House at the End of the Street,1
"Mount Pleasant, Texas",1
"Howell, Michigan",1
Portal:Current events/2008 June 14,1
2012 Malian coup d'état,1
Johnny Simmons,1
Anthony Mackie,1
Michelle Branch,1
David Carter,1
Mr. Tambourine Man,1
Creationism,1
Paul O'Sullivan,1
Template:Wikipedia,1
Kevin Michael Richardson,1
Methamphetamine,1
Indian Idol Junior,1
Anti-War Committee,1
Sixteen Candles,1
Richard Elfman,1
Electoral-vote.com,1
Krysten Ritter,1
Nupedia,1
"Mary, Did You Know?",1
Sarah J. Maas,1
We Are the Champions,1
A. A. Milne,1
Living Is For Everyone,1
Library,1
James W. Marshall,1
Neutron Star Collision (Love Is Forever),1
Shinichirō Watanabe,1
Christopher Lee,1
Palmers Green High School,1
Henry Jackman,1
Sympathy for the Devil,1
Harassment,1
Fat Bottomed Girls,1
David Suchet,1
Kathryn Newton,1
Yung L.A.,1
Teachings of Falun Gong,1
Alferd Packer,1
File:Supermariolandboxart.jpg,1
F. Scott Fitzgerald,1
Rico Rodriguez (actor),1
Walid Muallem,1
Will and Dewitt,1
Stephen King,1
Harris Teeter,1
Radio City Music Hall,1
Colin Hanks,1
David Bowie discography,1
Justin Bartha,1
Index of Djibouti-related articles,1
Rust-Oleum,1
Crispin Tickell,1
File:Stanley Ann Dunham 1960 Mercer Island High School yearbook.jpg,1
The World's End (film),1
Google bomb,1
The Silmarillion,1
Geoff Raby,1
Jurassic World,1
Derp,1
Supreme Court of the United States,1
Magic Man,1
Gun laws in the United States by state,1
European Public Prosecutor,1
Kyle Gass,1
Leigh High School,1
Sunshine Policy,1
List of Franklin episodes,1
Peter Hitchens,1
Sarah Jessica Parker,1
Avan Jogia,1
Mutualism (economic theory),1
PANDAS,1
Stephanie Courtney,1
610 Office,1
Zimmermann Telegram,1
No Sound But the Wind,1
Kelvin Thomson,1
Bill Cobbs,1
Kim Jong-il,1
Bobby Robson,1
Ciara Bravo,1
Anton LaVey,1
Forced conversion,1
"Windsor, Ontario",1
The Mansion,1
Ginger Rogers,1
House of Anubis,1
Nanban (2012 film),1
Almost Saturday Night,1
Rear Window,1
Analogue pizza cheese,1
Rachel Maddow,1
Genelle Williams,1
Prakash Raj,1
Londonderry Air,1
Morgan Stanley,1
Jack Lengyel,1
Sean Malto,1
John Silver (musician),1
Stewie Griffin,1
Ghostbusters,1
Saffron Burrows,1
List of Southeast Asian mountains,1
Gary Glitter,1
Dave and the Giant Pickle,1
Free! (anime),1
Halo: First Strike,1
Chloroform,1
Template:History of Thailand since 1973,1
Tea Party movement,1
BI-LO (United States),1
Danube 21 Euroregion,1
Waingels College,1
Guiana Space Centre,1
Michael Duffy (Australian politician),1
Whip It (film),1
Beautiful (Christina Aguilera song),1
Mahmoud Asgari and Ayaz Marhoni,1
Ahmed Shaheed,1
Brandy (Scott English and Richard Kerr song),1
Cigar,1
Reason Party (Australia),1
Abdullah ibn Muhammad Al ash-Sheikh,1
Akira Toriyama,1
Black Twitter,1
American Dragon: Jake Long,1
Sarah Roemer,1
Timothy Omundson,1
David Atlee Phillips,1
Nikola Tesla Museum,1
United Nations Interim Administration Mission in Kosovo,1
Huntington's disease,1
Pfizer,1
Talkbiznow,1
The Communist Manifesto,1
Category:September 11 attacks,1
Foreign relations of Djibouti,1
Canoeing at the 2011 Pan American Games – Men's K-1 200 metres,1
Bicycle,1
Paul Mounet,1
Kriti Sanon,1
File:Noseoutframe.jpg,1
Derrick Williams (footballer),1
Radha Mitchell,1
Philadelphia,1
1994 Black Hawk shootdown incident,1
Thokozani Khuphe,1
Stanley Kubrick,1
Cardinal Bergoglio,1
Mankatha,1
Gal Gadot,1
Politics of Kosovo,1
Hridayeshwar Singh Bhati,1
Kim Jong-un,1
Newt Gingrich,1
Fashion,1
White supremacy,1
Osteogenesis imperfecta,1
Ricardo Sanchez,1
Music of Cowboy Bebop,1
Celebration (Uriah Heep album),1
Hurt (Nine Inch Nails song),1
Tropes vs. Women in Video Games,1
Chicago-style stuffed pizza,1
Rochdale child sex abuse ring,1
Fantasia (performance),1
Template:Campaignbox Iraq War battles,1
Saaya Irie,1
Euronationalism,1
Teenage Dream (Katy Perry album),1
WJLA-TV,1
Church of Scientology editing on Wikipedia,1
Stuart Hall (presenter),1
LGA 1150,1
Scooter Libby,1
Catherine O'Hara,1
Middle Hill (Gibraltar),1
Alfred Hitchcock Presents,1
Bassima Hakkaoui,1
Template:Politics of Ukraine,1
File:General Hospital 50th anniversary advertisement.jpg,1
It Ends Tonight,1
CAP21,1
Survivor: Pearl Islands,1
John Kerin,1
Deep web,1
Luke Durbridge,1
Warangal,1
Consumer culture theory,1
Portal:Current events/2008 March 2,1
"Helena, Montana",1
Tsang Tak-sing,1
Morgan Freeman on screen and stage,1
Ottomány culture,1
Norah Al Faiz,1
Jen Taylor,1
Money bomb,1
Milton Orkopoulos,1
Birdhouse in Your Soul,1
Harvey Norman,1
Matt Bomer,1
Anne Dudek,1
Joaquim Chissano,1
One Tree Hill (TV series),1
Oliver Cooper,1
"Loose, Kent",1
Ubiquitin,1
Human hair color,1
Getty Images,1
List of The Strangerhood episodes,1
Charlemagne,1
Big Bad Wolf,1
Donald Faison,1
Category:Conspiracist media,1
Machiavellianism,1
Jared Taylor,1
Stan Musial Veterans Memorial Bridge,1
Desomorphine,1
Battle of Stalingrad,1
Demographics of Italy,1
Martin Klebba,1
Tommie Smith,1
Dexter Morgan,1
Central Intelligence Agency,1
Gin Wigmore,1
2013 Hyderabad blasts,1
Template:Firefly,1
Virginia Postrel,1
Fertility and intelligence,1
Gang of Four,1
Sirius Satellite Radio,1
Christina Aguilera (album),1
ReadWrite,1
Andy Murray,1
Massachusetts,1
Sonic Adventure 2,1
Bear Stearns,1
List of Nelvana programs,1
"Frances D'Souza, Baroness D'Souza",1
Aaron T. Beck,1
The Dixie House Cafe,1
Hal Sparks,1
List of As Told by Ginger episodes,1
Dianne Wiest,1
Demographics of Belgium,1
List of Cal Poly Pomona people,1
Rufus Ewing,1
Template:Slender Man,1
Nagorno-Karabakh,1
Star Cinema,1
Maria Clementina Sobieska,1
Jerry Maguire,1
"South Bend, Indiana",1
Jalaluddin Hassan,1
Clarence Major,1
Jodelle Ferland,1
Roller coaster,1
Sakshi Tanwar,1
Video game culture,1
Complicated (Avril Lavigne song),1
When God Writes Your Love Story,1
Murovdag,1
Andrei Chikatilo,1
Elopement,1
Jamil Walker Smith,1
What I Like About You (song),1
Chile,1
Peter Woolcott,1
Bubble Guppies,1
Charlie Sheen,1
Dylan Thomas,1
United Nations General Assembly,1
Larry-Boy! And the Fib from Outer Space!,1
Djimon Hounsou,1
Patience Jonathan,1
2014 celebrity photo leaks,1
Jeff Goldblum,1
John Beck (actor),1
Mike Miller (basketball player),1
Amon Olive Assemon,1
Charles Carreon,1
Francisco Lachowski,1
Template:HumanTemperature,1
Dialectic,1
Emily Browning,1
Corbin Bernsen,1
Constitutional militia movement,1
Taylor Cole,1
Genetic engineering,1
Intelligent design,1
Craig Kielburger,1
List of Red vs. Blue special episodes,1
Billboard (magazine),1
List of Image Comics publications,1
Template:2014 Crimean crisis,1
Portal:Twilight/Intro,1
Portal:Current events/2008 March 17,1
"Charleston, West Virginia",1
Minor planet,1
Richard Belzer,1
Goldust,1
Internet Defense League,1
Ashley Greene,1
"Concord, New Hampshire",1
List of Wikimedia chapters,1
Michael Portillo,1
"Sagar, Madhya Pradesh",1
Chris Denning,1
Mind Game (film),1
Race (human categorization),1
Dick Sawle,1
Rosetta Stone,1
Benjamin Zephaniah,1
John Juanda,1
John Dawkins,1
Robert Edward Edmondson,1
Muhammad,1
Liberty dollar (private currency),1
Zulay Henao,1
William H. Noble,1
John Herron (Australian politician),1
IHOP,1
Constellation Energy Group,1
Victor Newman,1
M. Shadows,1
Lake Michigan,1
Sex.com,1
Nestlé,1
Victoria Principal,1
List of Sonic the Hedgehog characters,1
Death of Ayakannu Marithamuthu,1
Economic integration,1
Holocaust denial,1
File:Marley & Me - The Puppy Years.jpg,1
Westward Expansion Trails,1
Wei Fenghe,1
Naturi Naughton,1
Amy Rose,1
Raimund Harmstorf,1
Maximilien Robespierre,1
Drew Van Acker,1
Michael Chiklis,1
Meat Loaf,1
Knocked Out Loaded,1
Valkyria Chronicles (video game),1
Nazi Germany,1
Starscream,1
Portal:Twilight,1
David M. Halperin,1
Promotional model,1
Gay Nigger Association of America,1
Phil Mac Giolla Bhain,1
Michael Clarke Duncan,1
Halo: The Flood,1
Kiev Academic Puppet Theatre,1
"Paducah, Kentucky",1
Ultimate X-Men,1
All China Federation of Industry and Commerce,1
Newspeak,1
Lawrence Alma-Tadema,1
Billet reading,1
Jennifer Connelly,1
Aron Ralston,1
Leif Erikson,1
Leo Howard,1
Quincy Jones,1
Princess Sumaya bint Hassan,1
Double Down,1
Rebecca Watson,1
Papa Francesco,1
Wikiquote,1
Gaza War (2008–09),1
Prime Minister of Namibia,1
Matriarchy,1
Menards,1
Wynton Marsalis,1
The Dance (song),1
Historicity of Jesus,1
Angoulême Festival,1
The Price Is Right (Australian game show),1
Suriya,1
Men in black,1
1968 Olympics Black Power salute,1
Mae Jemison,1
European Regional Development Fund,1
Category:Coast to Coast AM,1
Bush family,1
Moussa Faki,1
Aditi Rao Hydari,1
The X Factor (UK TV series),1
Virginia Madsen,1
Next Day Air,1
Guitar Center,1
Captain Price,1
Bob Geldof,1
Category:Wikipedia sockpuppets of Russavia,1
Steam (software),1
Steve Hackett,1
Cthulhu Mythos,1
1947–48 Civil War in Mandatory Palestine,1
Frozen (2013 film),1
Taipei,1
Gawker,1
Protests against SOPA and PIPA,1
Mexican Revolution,1
Smile (Avril Lavigne song),1
Regina King,1
"Las Vegas–Paradise, NV MSA",1
Rosario Dawson,1
Biharia Euroregion,1
Sistine Chapel ceiling,1
Friends,1
Six Flags White Water,1
I Just Had Sex,1
Little Bear (TV series),1
Giuseppe Garibaldi,1
Zach Braff,1
President of the World Bank Group,1
King Kong,1
El Papa Francesco,1
"Serbian parliamentary election, 2008",1
Ricardo Rodriguez (wrestler),1
Jesuit conspiracy theories,1
Template:Did you know nominations/MovieWeb,1
Destroy All Monsters,1
Time (magazine),1
Spaceport,1
History of Western Sahara,1
Night Visions,1
Romeo and Juliet,1
Comerica,1
"Woodbury, Kentucky",1
Social Darwinism,1
"Cynthiana, Kentucky",1
Soldiers of Heaven,1
Paul R. Ehrlich,1
Dennis Richardson (diplomat),1
"United States presidential debates, 2012",1
Hugh Dancy,1
Jimmy Fallon,1
Craig Cannonier,1
The Great Mouse Detective,1
Fred Thompson,1
Circle,1
Lionel Bowen,1
Free-culture movement,1
Dahlin,1
Jerry Lewis,1
Rugrats in Paris: The Movie,1
Wunna Maung Lwin,1
Left Brain,1
Concrete grinder,1
"Rampurwa, Narayani",1
Air Force One,1
Sonic Adventure,1
2012 Delhi gang rape,1
The Audrey Hepburn Story,1
Azhagiya Tamil Magan,1
WMUK,1
"Champaign, Illinois",1
Kanadukathan,1
Nihilism,1
Background of the 2008 South Ossetia war,1
Abu Bakr al-Qirbi,1
Abdel Rahman Shalgham,1
White Americans,1
Atlético Nacional,1
Deepwater Horizon,1
Godzilla vs. Megalon,1
Template:Red vs. Blue,1
Fetal rights,1
List of United States presidential assassination attempts and plots,1
Leonard Peikoff,1
Endogamy,1
Carlos Beltrán,1
Scott Cohen (actor),1
Template:Retired/doc,1
Zach Galifianakis,1
Salim Saifullah Khan,1
Kirby Bliss Blanton,1
Montpelier City Hall,1
"Courtesy of the Red, White and Blue (The Angry American)",1
Neuro-linguistic programming,1
Alla Nazimova,1
Of Pandas and People,1
Qurghonteppa International Airport,1
Molly Ringwald,1
Peter Varghese,1
Matt Drudge,1
Trieste Kelly Dunn,1
Israeli settlement,1
Breakfast at Tiffany's (film),1
Roots: The Saga of an American Family,1
Angel (1999 TV series),1
Chloe Bridges,1
Detroit bankruptcy,1
Mary Bono,1
Angie Harmon,1
Sleepless in Seattle,1
Indian Maoists,1
Kasak (2005 film),1
Disco Inferno,1
Uniform Simultaneous Death Act,1
David Dewhurst,1
Bing Crosby,1
Tyrel Jackson Williams,1
2013 Boston Marathon,1
Stanford prison experiment,1
DMX (rapper),1
The New Pearl Harbor,1
SOB (disambiguation),1
Gordon Darcy Lilo,1
Special Boat Service,1
Sridevi,1
James Hydrick,1
Ryan Gosling,1
Macarena (song),1
Billionaire,1
Rajagopal Sathish,1
Roshon Fegan,1
Here Comes Honey Boo Boo,1
Squatting position,1
Cinco de Mayo,1
The Neighbors (2012 TV series),1
John Olsen,1
Northern Mali conflict,1
Diana-Maria Riva,1
Scooby-Doo! Mask of the Blue Falcon,1
Nhial Deng Nhial,1
Tom Cruise,1
Ponyo,1
John Carlos,1
Adventureland (film),1
International Court of Justice,1
Leonard Peltier,1
"Augusta, Maine",1
Political effects of Hurricane Katrina,1
Portal:Current events/2008 September 15,1
Espionage Act of 1917,1
Julianne Hough,1
A Thousand Years (Christina Perri song),1
J. Michael Houston,1
Emmelie de Forest,1
Rob Van Dam,1
File:Republican Primary Presidential Polling Map.png,1
"2008 crisis between Colombia, versus Ecuador and Venezuela",1
King George and the Ducky,1
Jenny from the Block,1
"Statewide opinion polling for the Republican Party presidential primaries, 2008",1
Eva Green,1
Sandor Earl,1
Waco siege,1
David Barton (author),1
Lyoto Machida,1
I'm a Slave 4 U,1
Red hair,1
Haris Safwan Kamal,1
Atticus Shaffer,1
Friedrich Engels,1
Ice Ice Baby,1
Ahmad Jarba,1
Krokodil,1
Kiss from a Rose,1
GamePro,1
"Elizabeth Symons, Baroness Symons of Vernham Dean",1
Pharoahe Monch,1
Astro Boy (film),1
Toph Beifong,1
Jordana Brewster,1
Jason Sudeikis,1
Douglas Hurd,1
Arc Manche,1
Metrosexual,1
List of Euroregions,1
Fritzl case,1
Herbert Volney,1
Battle of Tours,1
Minions (film),1
Witi Ihimaera,1
Demba Ba,1
Template:Processed cheese,1
The Pagemaster,1
Jesse Metcalfe,1
Carla Gugino,1
List of commemorative days,1
Cleverbot,1
Fullmetal Alchemist,1
Russell Crowe,1
Hobo,1
52 (number),1
Anote Tong,1
Microfinance,1
Mark Vaile,1
Yahoo!,1
Win Butler,1
The X's,1
Slovakia,1
Adrian Fulford,1
Becca Tobin,1
101 Ways to Leave a Gameshow,1
LaRouche movement,1
Mwai Kibaki,1
Jenna Elfman,1
Chua Soi Lek,1
Live with Kelly and Ryan,1
Indoctrination,1
List of Jewish actors,1
War children,1
Bright Eyes (Art Garfunkel song),1
Wonkette,1
Jeff Zucker,1
Paracel Islands,1
Women and video games,1
Italian unification,1
Mortal Kombat,1
Zelda Williams,1
Quinton Aaron,1
Haaretz,1
Six Flags,1
Willie Garson,1
Category:White Zimbabwean sportspeople,1
B.o.B,1
Helena Christensen,1
Noah Hathaway,1
Brian Selznick,1
Binders full of women,1
Arab citizens of Israel,1
Herr's Snacks,1
Transverse ligament of knee,1
Lakeside Amusement Park,1
Eauction,1
Gisele Bündchen,1
Journey (band),1
Nessun dorma,1
DiGiorno,1
Stephen Walkom,1
Eurasian Economic Community,1
Geography of Mexico,1
Aggie,1
Age of consent reform,1
Asuka Langley Soryu,1
Todd Manning,1
Khalid Sheikh Mohammed,1
Khairy Jamaluddin,1
Kevin Richardson,1
Fossil fuel power station,1
Academic studies about Wikipedia,1
Shirani Bandaranayake,1
All Monsters Attack,1
85th Academy Awards,1
Wikipedia controversy,1
Hong Kong,1
Gay,1
Voice of America News,1
Derek Jarman,1
Mani Shankar Mukherjee,1
University of Texas Southwestern Medical Center,1
Something Awful,1
Free software movement,1
Kyle Gallner,1
Zachary Gordon,1
Helen Hunt,1
Won't Back Down (Eminem song),1
"Livingston County, Michigan",1
"Vanuatuan general election, 2012",1
Cry Me a River (Justin Timberlake song),1
Reflektor (song),1
Far Cry 3,1
What the Hell,1
Baltic Ice Lake,1
Mandy Patinkin,1
Hero (Chad Kroeger song),1
Alyssa Milano,1
The Heroes of Olympus,1
Ariana Grande,1
Mirror Award,1
Molly Lansing,1
Agence France-Presse,1
CordeValle Golf Club,1
J. Philippe Rushton,1
Kate Howard,1
Charlie Adlard,1
Marlene Dietrich,1
Arthur Nadel,1
José Enrique (footballer),1
Another One Bites the Dust,1
NASA,1
File:Osho.jpg,1
In My Sleep,1
Dollar General,1
Daryl Sabara,1
Rock of Ages (2012 film),1
Shrine Catholic High School,1
Anthony Hopkins,1
List of 2013 albums,1
Antonio Meucci,1
Whitney Houston,1
Zoophilia and the law,1
What a Wonderful World,1
Bank of America Merrill Lynch,1
Milton William Cooper,1
Sara Watkins,1
List of General Hospital characters (1990s),1
Pittsburgh Steelers,1
Provolone,1
Carolyn Rodrigues,1
Computer Fraud and Abuse Act,1
Raini Rodriguez,1
Lena Katina,1
Barret Oliver,1
Wilfried Zaha,1
Gender representation in video games,1
9/11 Commission,1
Eddie Marsan,1
Monk (TV series),1
Hugo Swire,1
Jean Acker,1
Fiona Graham,1
Cary Elwes,1
RNI,1
Absolute Boyfriend,1
David Horowitz Freedom Center,1
Tarzan (1999 film),1
Violentacrez (Reddit),1
Giovanni da Verrazzano,1
Art Blakey,1
Criticism of Wikipedia,1
Constance Marie,1
Limit (manga),1
Business networking,1
Frito-Lay,1
Mitch Hedberg,1
Kelly Ripa,1
Ashley Johnson,1
Another Cinderella Story,1
Brandi Carlile,1
Oedipus complex,1
2008 protests against Kosovo declaration of independence,1
Ed Helms,1
Mount Mrav,1
Cassie Scerbo,1
McCulloch v. Maryland,1
Cosmicism,1
Randy Savage,1
List of patent attorneys and agents,1
Space Shuttle Challenger disaster,1
Arnab Goswami,1
Breakaway (Kelly Clarkson album),1
Philip Flood,1
Category:Conspiracy theories involving Israel,1
False allegation of child sexual abuse,1
Émile Janssens,1
Sino-Indian War,1
Yu-Gi-Oh! The Movie: Pyramid of Light,1
Mohammed Ghaddar,1
The Oatmeal,1
Hawken School,1
Murray McLean (ambassador),1
Whitlam Government,1
Shahid Kapoor,1
Joe Zdeb,1
War (The Temptations song),1
Matt Dallas,1
Eric Braeden,1
Pregnancy from rape,1
Buk missile system,1
Empire State of Mind (Part II) Broken Down,1
Bob Carr,1
Omar Zakhilwal,1
Robbie Jones (actor),1
Zareen Khan,1
Lai Tung-kwok,1
John Beddington,1
Anba Angaelos,1
Robert Sedgwick (actor),1
"Ruggles Township, Ashland County, Ohio",1
Lucas Grabeel,1
Daisy Bates (activist),1
Black Sea Euroregion,1
John Sutter,1
Proto-Indo-European religion,1
John Dauth,1
Olha Ivankova,1
Rick Hoffman,1
Rob Powell (athlete),1
Doublethink,1
Jim Axelrod,1
Virgin Atlantic,1
Rape,1
History of Nintendo,1
Caneel Bay,1
Uprising (song),1
Salad Fingers,1
Eric Pickles,1
Sean Penn,1
Hubert Hughes,1
Michael Imperioli,1
The Godfather,1
Stand and Deliver,1
Tom Bombadil,1
Second Battle of Zurich,1
The Rugrats Movie,1
Template:Did you know nominations/General Hospital's 50th anniversary,1
Hotel Georgia (Vancouver),1
Alessandro Manzoni,1
The Fast and the Furious,1
Template:Did you know nominations/Venetia James,1
List of The Neverending Story characters,1
Switch (company),1
Craig Joubert,1
Bristol Palin,1
Jonathan Chase (actor),1
Heavy in Your Arms,1
Wegmans,1
Steve Carell,1
List of companies in Dallas,1
1906 San Francisco earthquake,1
Nolan Gerard Funk,1
Chelsea Clinton,1
Sarah Wright,1
"Elkhart, Indiana",1
Star Trek,1
Future enlargement of the European Union,1
Alan Quartermaine (General Hospital),1
Itsu no Hi mo,1
Category:Gary Glitter,1
Portal:Current events/2008 September 17,1
Academy Award for Best Picture,1
Exogamy,1
Colin Powell,1
Natalie and Nadiya Anderson,1
Chicago metropolitan area,1
Jenna Ushkowitz,1
Wizards of Waverly Place,1
John A. McCarthy,1
Schoolly D,1
Lumix,1
Batgirl,1
Ruby Ridge,1
"Ron Paul presidential campaign, 2012",1
Gates Bar-B-Q,1
Israel–Gaza barrier,1
Bad Girls Club (season 3),1
Collaborative Arts Project 21,1
Martin Solveig,1
"Moore, Oklahoma",1
Lauren Holly,1
The Lovely Bones,1
White Christmas (song),1
Jim Cummings,1
Essjay controversy,1
Godzilla vs. Hedorah,1
Bryce Dallas Howard,1
List of child prodigies,1
List of Shakespeare authorship candidates,1
Category:Gender and video games,1
List of classical piano duos (performers),1
Kelly Sutherland,1
Željko Ivanek,1
Winona Ryder,1
Dann Florek,1
Sofia the First,1
Melissa Benoist,1
Roger Craig Smith,1
Igor Strelkov (officer),1
Ananta Jalil,1
List of The Strangerhood characters,1
Jerome Bettis,1
Portal:Current events/2008 June 27,1
Christian Cooke,1
Just a Reflektor,1
CJ Adams,1
Abraham Maslow,1
Sexism in video gaming,1
Ain't No Other Man,1
Anne-Marie Johnson,1
Locations of Half-Life,1
Shailene Woodley,1
Nations and intelligence,1
Abu Usamah,1
Category:Music from The Twilight Saga (film series),1
West Bank,1
Mike Wieringo,1
RAND Corporation,1
Breitbart News,1
Michael Gove,1
G.I. Joe: Retaliation,1
All the world's a stage,1
Degausser (song),1
Ballet,1
David Henrie,1
Don Quixote,1
TheCoolTV,1
Ty Burrell,1
Kenneth Medwood,1
The Return of the King,1
"Woodbury, Georgia",1
United States v. Manning,1
Himansh Kohli,1
Sociobiology,1
Captive killer whales,1
Racketeer Influenced and Corrupt Organizations Act,1
Don McKinnon,1
Alex Smith,1
Luke Spencer,1
"Saint Paul, Minnesota",1
Prophecy of the Popes,1
Cieszyn Silesia Euroregion,1
Great Recession in Russia,1
"Novi, Michigan",1
Louise Mushikiwabo,1
John Abraham (actor),1
"Salem, Oregon",1
Michael Bacon (musician),1
"Providence, Rhode Island",1
List of Neon Genesis Evangelion characters,1
Arthur Jensen,1
Lewis Wolff,1
Silly Songs with Larry,1
Joe Anderson (actor),1
Far-right politics,1
Corner Gas,1
Ernest Hemingway,1
Toho,1
Amanda Seyfried,1
Michel Temer,1
Vectorman,1
Template:Political campaigning,1
The Son of Man,1
Bachelor party,1
Phil Vischer,1
Chrysoprase,1
Fettuccine Alfredo,1
Off-Broadway,1
Virendra Sharma,1
Sahar TV,1
The Muppets (film),1
Johannes Kepler,1
Category:Tea Party movement,1
Gordon Burns,1
"Nazareth, Kentucky",1
76th Guards Air Assault Division,1
Princes Group,1
Nev Schulman,1
Yuki-onna,1
Campaign for Liberty,1
Aaron Russo,1
Jesse Jackson Jr.,1
Emmitt Smith,1
Palestinian territories,1
Metro Detroit,1
Hans Matheson,1
"Portland, Oregon",1
Ishirō Honda,1
Like Toy Soldiers,1
Amor asteroid,1
Bobby Robinson,1
Omegle,1
Fusajiro Yamauchi,1
Portal:Current events/2008 March 1,1
Playing with the Boys,1
Jesus,1
Dragon Ball,1
The Emmbrook School,1
The SpongeBob Movie: Sponge Out of Water,1
Leung Kwok-hung,1
"Jackson, Mississippi",1
Adrian Pasdar,1
List of Neon Genesis Evangelion episodes,1
Julia Stiles,1
Pedophilia,1
Muhammad Mumuni,1
World's Biggest Liar,1
Peggy Hettrick murder case,1
Barrett Foa,1
Template talk:Retired,1
Demons (Imagine Dragons song),1
Callum McManaman,1
Captain America (1990 film),1
Bob McMullan,1
Julianna Guill,1
Koji Kondo,1
Template talk:Rooster Teeth Productions,1
MTV's Hottest MCs in the Game,1
Justin Timberlake,1
2014 Crimean protests,1
S. Epatha Merkerson,1
Gross domestic product,1
Alicia Silverstone,1
Jean Arthur,1
"David Howell, Baron Howell of Guildford",1
Jake Pitts,1
The Count of Monte Cristo,1
Template talk:Rooster Teeth machinima,1
Donald P. Bellisario,1
Professor Moriarty,1
Kazim Elias,1
Hillside Strangler,1
Brooke Anderson,1
Geoffrey Hayes,1
Des Griffin,1
Rebel Wilson,1
Jens Bergensten,1
List of sex symbols,1
Pocky,1
Vanessa Marano,1
Jake Short,1
Shorts,1
List of series run in Weekly Shōnen Sunday,1
World history,1
Zoey Deutch,1
Kosovo District,1
Rick's List,1
The Adventures of Jimmy Neutron: Boy Genius,1
Valerie Plame,1
Count Wiley,1
Memetics,1
Finding Forrester,1
Argo (2012 film),1
Four sights,1
Northeastern United States blizzard of 1978,1
James Jones (basketball player),1
Nila Madhab Panda,1
Template:Did you know nominations/Shooting Star (Glee),1
Lacuna,1
Tom Waterhouse,1
Julie Bowen,1
Anwar Ibrahim,1
Sela Ward,1
Gibraltar National Day,1
Equator,1
History of Freemasonry,1
Polish Investment and Trade Agency,1
Angélique Kidjo,1
Radix Ace Entertainment,1
Aniplex of America,1
All by Myself,1
Shell Oil Company,1
Polyethylene,1
Carl Cheffers,1
Tony Banks (musician),1
Medjugorje,1
Pan American World Airways,1
Jill Hennessy,1
Nazi chic,1
Norman Dodd,1
Politics of Hong Kong,1
Rob Portman,1
These Boots Are Made for Walkin',1
Portal:Current events/2008 July 10,1
Edappally,1
List of Cal Poly Pomona presidents,1
McKeeva Bush,1
Moscone–Milk assassinations,1
Najib Razak,1
List of dystopian comics,1
Harry Gregson-Williams,1
Union of South American Nations,1
Richard Marles,1
Supercell (band),1
Campanian volcanic arc,1
Wiki UK Limited,1
Alice (Avril Lavigne song),1
St. Louis University High School,1
Guo Boxiong,1
North American Forum,1
The AbleGamers Foundation,1
Kim (song),1
List of Sitting Ducks episodes,1
Pac-Man and the Ghostly Adventures,1
Olga's Kitchen,1
Arcade Fire discography,1
Spider-Man (2002 film),1
Martin Kobler,1
John C. Reilly,1
Hate crime laws in the United States,1
Boosie Badazz,1
Black Wednesday,1
The Fellowship of the Ring,1
Neal Blewett,1
Wedding dress of Kate Middleton,1
Wedding of Crown Prince Tupoutoʻa ʻUlukalala and Sinaitakala Fakafanua,1
Underdogs (2013 Argentine film),1
Ernest the Pirate,1
Baruch Lanner,1
Kofi Annan,1
Nyctimene (genus),1
Sylvia Kristel,1
Fearless (Taylor Swift album),1
Meet Me on the Equinox,1
Michelle Thomas,1
Great Escape (amusement park),1
Portuguese Mexican,1
PPG Industries,1
Category:Memetics,1
Dogma (film),1
Aktion T4,1
Chris Hadfield,1
The Venus Project,1
Umayyad invasion of Gaul,1
Lotus (Christina Aguilera album),1
2008 conflict in Lebanon,1
Kim Beazley,1
Franklin (TV series),1
Category:Oklahoma City bombing,1
Riot!,1
House of Peoples of Bosnia and Herzegovina,1
Eugene Chelyshev,1
Warren Commission,1
Depository Trust & Clearing Corporation,1
List of One Piece episodes (season 17),1
M-Pesa,1
Luc Montagnier,1
