user,edits
Wave of Mutilation
Merewyn
Nsgaeverine
*Yukio Okumura*
0xF8E8
1Krystal.Stevens
2Cute4U
3loodlust
5 albert square
5deadlydaisies
6-6-6
6Anesthesia
9Doors
16pedia2
19user99
20-13-rila
60 Delta
99.199.184.56
99Ferrari
A cardboard microwave
A Fellow Editor
A. Pseudonym
A.J.V.
A.sky245
A20anna
Aanapk
Abbey kershaw
Abbie.dodz
Abby724
Abcassionchan
Abchave1
AbigailAbernathy
Ablaine2
Abluescarab
ABShipper
Abstractedly
Acal26
Acarr2
Accireioj
Achirpingbird
ACrockford
Acyos
Adaobi
Addojammo
Aderangedhyena
Adevish
Adevv
Adreamtonight
Adriana Sanchez Ramirez
Adriana-Corina
Adriana513
Adrianpauw
Adrienne4life
Adventuretimer1
Advjuvairianv
Aebcoreno
AEE8895
Aelita@Lyoko
Aelita14
Ænea
Aepowell122
AffirmationChick
Afrodita nz
Agampa
AgentKaz
Agentul portocaliu
Agne27
Agnyeszka
Aharri29
Aharriot96
Aharris206
Ahartlin
AhnSoonKyung
Aidanpie
Aidenlockhart
Aikia08
Ailsamacf
Aimeec110
Aina Aiikyo
Airajuliafor
Aisha uk
Aislingodonnell
Aizhen
AjaaniSherisu
Ajdrosario
Ajfweb
Ajoust
Aking27
Akke Bandvagn
Akramm
Alagaesia dragon
Alama~enwiki
Alammana
Alanbly
Alannah.Marsh
Alatteofwikia
Alawya
Alaynakrantz
AlecsisJ
Lady Aleena
Alexandra.Hornbach.1
Alexandra.Hornbach.1
Alexie
Alexpsihogios
Alexshmalex
AlextheGreat41
Alfirin
Alfonsoneri
Algillespy
Ali K
Aliaaalhsane
Alice Lee
Alicecooper91
AlicexCullen
Alicialynn4
Alicja11willow
AlinaGusewa
Alinedomingo
Alison.m.carlson.2
Alissa.gordon
Alixmpier
Allamune
Allecher
Allforkatery
Allimarieb
Allison M
Allison.j.morse
AllisonFoley
Allisonmontgomery69
Allstarecho
AllureOfTheEarth
Ally525
Allypat
Allyrmartin
Allyrosa
Almafeta
Almeta
AlphaZelda
Alwaysjustthatgirl
Alyandra
Alyblaith
Alyssa-Burley
Alyssa.j.anderson
Alyssa.wroblewski
Alyssabelle818
Alyssagoodpaster
Alyssalansing
Alyx24
Amal Selmi
Amanda Fern.
Amanda Pachal
Amanda.krebs
Amandabdaly
AmandaKraha
Amandaprefect
AmandaWins
Amarinucci16
Amaryllis25
AmazinVenezuelan
Amber Fortuno
Amberdee3
Ambicide
Ambrosia10
Amedresearcher
Amedyr
Amelia K. Philips
American che
Amesdeutsch
Amf14
AmiriteC
Amulet Heart
Amuseclio
Amy.duchene
Amy18391
Amyamy1990922
Amyanda2000
Amyekankiewicz
AmyTAllen
Amzi
Ana Cooke
Ana Radic
Anacaona
Anafar
Anagonzalez
Anaisfirewalkwithme
Ananga
Ancazur
AndiWheeler
Andrea Parton
Andrea-M0
Andreabocincova
Andrealisahoch
AndreaPersephone
Andreasmperu
Andrenglish
Anelso
Aneteen
Ang li
Wave of Mutilation
Merewyn
Nsgaeverine
Angela26
Angela21124
Angelasong
Angelbird72
AngelPoseidon
Angie Y.
Angie.Scott
Angie&Tom
Angie~enwiki
Angiez628
AniBunny
Animalgaura
Aninush
Anishagupta
Anita francis2504
AnitaConchita
AnkitaDatta11
Anna jurgens
Anna L. Black
Anna.Gluchowska
AnnabelleVS
AnnaKucsma
Annasteidle
Annazhigareva
AnnaZZZ
Anne 14
AnneD17
Annette fleming
Annetteruiz
Annie E. Clarke
Annie333
AnnieHall
AnnieK
Annukii
Annwnsystem
Anthere
Anthere
AntiVanity
Anuja0304
AnvitaJanardhanan
Aparnaji
Aparnaji
Apendata
Aphilli8
Apidium23
Applecinnamon1
AppleTard
Appylikescake
Apricot Sundae
Aqilahhambali
AquafireGal
Aquaviann
Arandelis
Aranel Alasse
Arbor8
Archergolfer
Archie2013
Arcune
Aren8906754
ArgentumWing
ArgetlahmSource
ArglebargleIV
Ariana Williscroft
Arianna the First
ArielGold
ArigunAmy
Arilicious
Aristiana
ArleneChristina
ArmageddonNewt
Arolión Yolenda
Aronoel
Arpita Roy 24
Arre 9
Arre 9
Art234789
Artchivist1
Artemisfowl25
ArtsyNani
Arulupinaustin
Arvandor
Asarelah
Ascieszka
Asdklf;
Asdzani Bah
Ash96hassam
Ashelia
Ashley King
Ashley P
Ashley.miller.2
Ashley.Practice
Ashleyisachild
AshleyMiller
Ashleyxox3
Ashlynn.Krieger.2
Ashnjohn07
AshwiniKalantri
Askedandanswered
Atanarjuat Igloolik
Athena in Wonderland
Athena721
Athens4001
AthinaF
Atl152
Atm7
Atsme
Au writer
Aubrey.boertje
AudioMasochist
Augstn
Auravacui
Aurawantcandy
Aurelius01
Auriri
Aurora2698
AuroraDragon
AuroraDragon
Auselman
Ausher8
AutisticOtakuGirl
Avalik
Avengedxx
Avietzke
Avocadrix
Avwal2
Ayame The Wolf
Ayame28
AyraMaria
Azuya
B streiffert
B-Slaz
Babayaga 14556
Bagpipeturtle
Baileergass
Bailey.r.nelson
Bakerychaz
Bakuyaku
Bali88
Balin42632003
Balletgirl313
Bananagirl
Bananagirl
Bandgeek100
Bandou
Banette
Banjirbandang
Bansheend
Barbara (WVS)
Bardofcornish
Barkha dhamechai
Barn Cat
Barn Owl 444
Baroness of Ballymote
Basilisk4u
Batfan1966
Batkin3
Batsofdoom
Bcabiele
BCFneuropsychndsu
Bconneely
Be4u92
Beard0
Beata May
Beatlesnicole
Beatrix2Go
Beatriz Glez. C.
Beautiful at the ballet
Beaverlac
Becca lynn
Becca.darnell
Beckmanse
BeckyDR
BecR
BeekeeperRed
Beemer69
Beepitybeep
Beforeyouknowit
Beggarsbanquet
Bejinhan
Belovedfreak
Benjaminikuta
Berryberryberry
Beruthiel~enwiki
Besprayed
Beth 84
Bethany.d.schwandt
BethArmstrong94
Betsumei
Betty kerner
Betty Zhao
BettyLondon
Bfpage
Bfpage
Bfpage
Bfs0921
Bgrueneich
Bianca Anne Martins
Bienmanchot
BigYellowFlower
BillieMTre
Wave of Mutilation
Merewyn
Nsgaeverine
Billy1968
Binx~enwiki
Birdlov
Bitter maggie
Bkwrm18
Bkwrm18
Blacklemon67
Blacklemon67
Blacklemon67
BlackRose5732
BlackSlivers
MBlairMartin
BlairXCirucci
Blillehaugen
Blizzard youkai~enwiki
Bloomshouse
Blue Mistery
BlueWolfheart
BluJay
Bluujayy
Bmegrl9113
Bobomarch
BondiEmily
Bonjourtriste
Bonnie13J
Bonniesteiglitz
Bonobos86
Boobot94
Boomshakalakabangbang
Boomshakalakabangbang
Boomur
Bosxco
Lady Boudica
BowRiver75
Bradi.carlson
Brainfreez
Brambleberry of RiverClan
BrandiWrites
Brdelses
Breanna.hess
Brecca.W
Brett Cox
Brez93
Brezzo.gaia
Brianna Goldberg
BriannaMaxim
Briannez
Bridenh
Bridget Greenwood
Briekm
Briemder
BrightSuzaku
Brionyrose
Briscoeh
Brishti Akter
Britni.haugen
Britt.page
Brittany.michels
Brittany.Nord
Brittany.paulus
Brittanymouse
Britty5096
BrokenLink
Bromartin
Brooke.bjerke
Brookedlovesbilliam
Brookehonek
BrookeMcCullough
Brooklyn.thompson
BrownHairedGirl
Bs132425
BSB5ivefan97
Bstrong117
Bthomeldh
Bubblebuddy007
Bubbles02
Bubzie29
Bucsolp
Bunbunbunka130
Bunny-chan
BunnyFlying
Bunnymutant
BurningBeauty
Burnt*in*Effigy
Busboys
Bush6984
Buzzzbee
Byrdie
Bythesouth
Byzantium Purple
C.Corsiga
Cabeachgal
Cadsuane Melaidhrin
Caerleongirl
Caitlin.VanVoorhis
Caitlyn.mcconnell
Caitlynmaire
Cajalden
Calimie
Calineed
Calliegal
Calliegal
Callmemirela
Callmemirela
Callmenaomi
Callousfreak
CalumetCitation
Camanda
CameoAppearance
Camille93
Candice
Candle888
Candy156sweet
CanineHybrid
Cannibal Cupcake
Cantara
Canvaswrtr13
Cap020570
Capat2
Captain panda
Caramellato
Careycruz
Carlastags
Carlobunnie
CarmelitaCharm
Carol926
Carolmooredc
Carolyn4128
Carrie-san
Carriedelvalle23
Cartoonmaster
Casey906262
Caseyem
Cashew
Casidesia
Cassandra423
Cassiehoffman
Catavar
CatDeville
CatDeville.Llewellyn
FeralOink
Caterfree10
Catherine of Scottburgh
Cathw38
Catsmeat
Cavalierkingcharlesspaniel
Cavykatie
Cbh
Cbruha11
CC 91
Cc L
Ccapece
CCortland
CDA
Cdenkler
Cefwiki
Ceil-Sama
Ceira
Celestevandervliet
Celiakozlowski
Cellequilit
Celsisa
CerealBabyMilk
Cfitzpatrick3
Cgraham09
Chairness
Chairness
Chairness
Chandelia16
Chantal Souaid
ChaosAkita
Chaoticallyc
Chariset
Charl Murphy
Charlotte Murphy
Charlotte Tame
Charlotte135
Charlottiepants
CharonX
Charron
Chatila yaakoubi
Chef Clover
Chelsea.nordquist
Chelseaj.86
Chelsey.kjelland.2
ChelseyLandis13
Chengtan2012
Cherri777
Cherries Jubilee
Cherry-chan-x
CherryBlossom93
Cherrychipmunk
CherryFlavoredAntacid
CherryPie94
Cherylktardif
CheshireCat2010
Chevy111
Cheyenne.brady
Chiaconan
Chibichan613~enwiki
Wave of Mutilation
Merewyn
Nsgaeverine
Chibified
Chicadelmundo
Chick No.16
Chickie4
Chickville
Chimchar monferno
Chloenelson
Chloeobrian
Chocgirl
Chokolattejedi~enwiki
Cholbein
Chomeara2
Choukohikari03
Chrissypan
ChristinaGotcher
Christine T
Chuang1229
Chyel
CillanXC
Cindamuse
Cinderella2009
CinderSue
CircusCarnival
Cisdine
Cisop Sixpence
Civilaffairs
CJinoz
Ckelly914
CL41886
Clamster5
Clara Sánchez Trigo
ClaraRoper
Clarktricia86
Clash city 101
Classicfilms
Claudiala
ClaudineChionh
Clayoquot
Cleanupbabe
Clee8288
Clem cowsie
Clenox843
CLHoyas97
CLHoyas97
Clint.hotvedt
Clocktowerkiss
Clockword
Cloontj2
Clt1985
Cmayhall
Cmcunningham
Cmh297
Cmjohnson5
CMoretz
Coal On Toast
Coccico2345
Coderster
Colorado9182
ColouredFrames
Comhar
Complete fanatic~enwiki
Confused.brit
Connguyen
Conservatrix
CooKeeN
Cookiefan123
Coolintro
CoolioDudeeee
Coollittlealien
Coolmoon
Coolnation01
Corbinb8
Cosmic girl
CosmicWaffles
Courtneyhagen
CourtneyJB
Cowboylove35
Cowhateration
Crackingstack
Craub
Crawling
Crazy Amanda
Crazy Clarinetist
CrazyFool
Crazyloon99
CRH20
Crime Busters
CrimsonScholar
CrimsonScholar
Crisspy
Cristina4459
Crlr2
Crossovershipper
Crowish
CrownedEagle
Crowstar
Crushedtiggy
Csmith2017
Cstrachan53515
Ctchang
Cthompson4350
Ctodd9
Cuddyc
Cutelittlekoala
Cwalkerr21
CyberWarfare
Cyberwitchy
Cygnoir
Cygnoir
Cymru.lass
Cynthiarodri
Cyoachim
Cypherquest
CyrockingSmiler
D depas
D M
D--pixx
D.A.P
Daark
Daft SPARTAN-117
Dairygirl224
Daishokaioshin
Daisy099
Daisy18108
Daisy18108
DaisyDee15
DakaSaren
Dallas69
Dalmatian Mommy
Dalysporter
Damika
Dan North 1337
Dana Vez
Dana Vez
Dana Westerkam
DanaJohnson
Danapit
Danaseilhan
DancingPenguin
Dancingturtle8205
Dandanxu
Daniella Dzikunoo
Daniellagreen
Danielle Saunders
Danielle.Bauer.2
Daniellefreitag
Danielleshields12
Dannilion
Danyang Li
Darena mipt
Daria adv
Darjeeling24
Dark Silver Crow
DarkNexusAngel
Dasek123
Dawn22
Dawnnaomii
Dccarey
Dcdace
Ddesssuuna
Ddots22
DDRPR
DEA
DearCatastropheWaitress
Deborahjay
Deboralct
Debwald
Decat2
Deelite310
Deepsillyone
Deff6
Defunctzombie
DeKalb
DELACORADO
Delazio
Delighted eyes
Delilah Grams
Deliriam830
Deltarocks
Demax
Demi16Lovato1992
DemiLovatoWishes
Demon of Light
Demster
Deplezr
Desert moon
DesertAngel
DesiArcy
DeSpa49
Detredwings1139
Devanshi.shah
Devapriya
Dgreenshi
Diabolos
Diadodorothy
Diamantina
DiamondDiana
Diamondthadimepiece
DianeBarrett
Dianelowe
Wave of Mutilation
Merewyn
Nsgaeverine
DiaTiger
Dicentra
DieWeisseRose
DiLuna25
Dinah Kirkland
Disavian
Disavian
DiscardedDream
DiscoTent
Disingham
DisposableTeen
DivineLady
DJ-Siren
Dkbergstrom
Dkchacha
Dlefort
Dmscvan
Dnc1ngQueen
Dnelson2
DOA FANSI
Dobby1127
DodgerOfZion
Doin'Huh3.5
Dokku Rock
Dollymoon
Domesticenginerd
Donna Emmett
Dont mess wit me(Tay)
DoodleJohnson
Doodlepoodle
Dooorisa
Dorkafarkas17
DorkieE
Doroteja
Doti099
Doubtomatic
Dougie89
Downpayment
Dr fugue
Dr.EOMR
Dr.neha sharma
DragonBlazer57
Dragonfly213
Dragonrose36
Dragonstar85
Drbogdan
Dreamyshade
Dreston
DrippingGoofball
Drjenbradley
Drlady
Drmargi
Drmies
Dsp.Pk&Ch
Dsrutgers
DTPQueen
DTwirler
Duchessella
Dunclutha7
Dutchsparky
DynaGirl
Dziewięćsił
E.hathaway
EABair
Earisu
Earthshift
EarthWindAndPeaceYall
Ecarter17
Ecco1983
Echoflame
Eclectic Angel
Eclectic hippie
EdiOnjales
EdiOnjales
Editor at Large
Eduscapes
EdwardOConnor
EelKat
Eeloren
Eggum.tatiana
Einmonim
Einmyria
Einsteinewton
El.pap.ts
Elainelu9
Eleanorhillcox
Elecktra
ElectionsGeek
Elemontall
Elemystra
Elenainnapeartree
ElfLady64
Elflin
Eli app d
Eliahna
Elinor.Dashwood
Elinor.Dashwood
Elisachang
ElisaEXPLOSiON
ElisaEXPLOSiON
Eliseaud
Eliz81
Eliz81
Elizabethtli
Elizacatherine91
ElizaLiu
Elkaybklyn
Elle317K
Ellenhonsa
Elliejm
Ellin Beltz
ELMcKinlay
Else.might.all.kings
Elsebet
ElWampa
Elymera
Elysebush
Emain Macha
EMcAndrew
Emd157
Emefie
Emeraldea
Emerylj
Emilee.andersen
EmilieKi
EmilinAlbs
Emily.Lesser
Emily.minnick
Emily.sargent
Emilycking
EmilyFortuna
EmilyTheEngineer
EmilyvstheGorn
Emilyxlovesxyou
Emilyyyv 003
Emma.j.kramlich
Emmsquille
Emmy elle
Emoraptor
Emorockergirl
Emp2~enwiki
Empowering you
EmSmith
Emteevee
Eneidavilella
Eniarrol
Epiccomg
Eric Pode lives
Erika.a.brennan.2
Erikalosik
Erikamatthews
Erikaschoene
Erin.l.anderson
Erin.teschuk
Erindoh
Erinf0418
Erinhayden
Erinmcd
Erinpickeringgutierrez
Ermesa
Eromero1
ESlade
Espresso Addict
Essence5
EstPhy
Estrelly
EsunaMeggy
Eternallyvicky
Etromin
Euonym
EvaMighty
EvaW93
EVDiam
EvelynnMarie
Everlyn Ashley Harding
EvilTacox4
EVula
Excelsior16
Exhaustfumes
ExistentialBliss
Extabulis
Ezia
F!ERCE
Fab0u0lous
Faehn
Fair Alienor
Faizaguo
Faizza T
Fanficgurl
FanieSaphira
FaridehR
Fatimah Reza
FatimaOvida
Fatin08
Fbi woman
Feminist
FemWriter
Fennerietveld
Fenny novita
Wave of Mutilation
Merewyn
Nsgaeverine
FFF999~enwiki
Ffffnm
Fiddlediddle
Fieryrogue
Fiona Kuipers
Fira Melinda
Fireflo
Five678
Fizzyfifi
Flambelle
Floating Boat
FloNight
Florencelau
Florestan~enwiki
Flow234
Flowersk
Fluffball70
Fluffernutter
Fluffiliscious
FlyingToaster
Folduprabbit
Foo39
Forehead-of-security
ForestAngel
ForGodAndOcean
Fourpences
Fox2023
FPC3909
Fragerella
FrancescaRebecca
Francesellmo
FranGleisner
Frankie816
Fransplace
Fraudulent Teabag
Freez370
Freezingfloridian
Freyskona
Fringo
Froggyteeth500
Fromgermany
FrozenIcicle96
Fruitblender
Fsotrain09
Fstromberg
Funandtrvl
Funkfrost
Funkmistress
Furrygirl
Futuri
Fuzzypink
G C King
Gaaras girl434
Gabrielasans
Gadiscymraes
Gala Lampeggia
Galadree-el
Galiaire
Gangelez
Gantiganti
GarnetPrincess
GateGirl
Gatorgirl7563
Gauratulsyan
GayleKaren
Gbec81215
GD.BB
GearheadLydia
GearheadLydia
GeekAndProud
Geekers
GeekGirlSarah
GeekGirlSarah
Geeoharee
Gegnome
Geisha**
Genna Joyce
Gentle gamer
Geologicharka
Georgiagirl502
Georgiagrrl
GeorgiaPeach86
Georgsaliba
Gerrywright
Geunivere
Ghdaly
Ghstillumina
Gia Sesshoumaru
GinaJay
GinaJay
Ginger Maine Coon
Gingermegs
Gir.chihuahua
GIR556
Girla PurpleHeart
Girlbeast
Girlintheyhat
Girlscoutsjm
Gjyfirst
Gladys Tuffnell
Glamgirljaspreet101
Glamorous Gal
Glass Star
GlassHeart100
GldMedalSwimmer
Glimmer721
Globe2trotter
Gloriamarie
GnarlyJamie
Gnominonwiki
GoAnimateKingWAME
Goddess Washu
GodRocks127
Gogorox93
Gordon-Levitt
Gormflaith
Gossipgirl1
Gothelin
Gothic Beauty
Gotjane
GovanRedskirts
GracieLizzie
Grand'mere Eugene
Graphiurus Ocularis
GrapperJ
Graterk
Gray94wolf
GrayJ96
Greatcmy
GreekStar12
GreenJeanz
Greta.k.herschlip
Grey Maiden
Grisette
GrodytotheMax
Grrrlriot
Grrrlriot
Gryf10
Gryf10
Guardtiger25
Guatemaza
Guest818
GuMiKoizumi
Gungadin
Gwenhope
GymnoPedia~enwiki
Habeebah01
Haider.z.28
Hailey C. Shannon
HailyMarie
Hair e. pot err
HaleyZZ
Halversr
Hamako
Hammbh
Hamnashafeer
Hamsterlover111
Hamuhamu
HanaGoth96
Hanaichi
Handspringgirl97
HaNdYHiNtS
Hanjones
Hanna Testo
Hannah Angelove
Hannah Porter
Hannah.ganskop
Hannah.Hood
Hannahnanabobana
Hannahnelson
Hannakimithree
Hannansylla
Happy Yumi Harris
HappyAppy10
Happydoll
Happysquirrel
Haruka 3
Haslantis
Hatkirby
Hawkeyegirl
Hawkmist
Haylee.schumacher
Hayley Tales
Hayleydrohan
HazelPatel23
HazelSageHP
HB098
Hbackman
Hcb208
Hchlebo15
HeartbeatSoldier
Heather Elke
Heather of Midgard
Heather-2004
Heather.c.montgomery
Heatherjanderson
HeatherQuinnell
Heatheruk
Heida Maria
Wave of Mutilation
Merewyn
Nsgaeverine
Heidi.Rued
Heidmila
HelenKMarks
HelenLFC4eva
Helenvoce28
Hellkixy
Hello Link
Hello what's next
Hennap
Hep4v07
Hexadecima
Hhills
Hhoff12
Hi2meera
Hihellohowareyou334
Hillaryy.Hall36
Himbeerhase
Hinahon
Hippychickali
Hisasi Zing-Zing
Historyfactory
Historygill
Hkristem
Hmerickson
Hmlarson
Hmrox
Hmrox
Hmwith
Hmwith
Hnnhkm123
Hoboeplayer
Hockeyhamster
HoldenPhoebeDB&Allie
HoliHallow
Holls77
HollyOddie
Hollywhite3
HoneyBee~enwiki
HoosTrax
Hope Has Wings
Hope&Act3!
Hosannagardens
Hoscincer
Hot Dog Wolf
Hotphoenix
Hottie197
HouseCrazy
Housewatcher
Howcomehoney
Hpeoples
HRThomas15
Hsolomon89
Htepp1226
HuiHuii
Hutchisojl
HW96
Hygge Ding
Lady Hypatia
Hypertextgirl
I dream of horses
I dream of horses
I love Yuki
I will marry gollum one day
Iamasneakyrussian
Iane
Ianeonymous
Ianthe88
IbrahimPsy111
Iceberg3k
IceCreamAntisocial
IceDevil
Icelilly
IConform
Idecipher
Idontlikepeanuts
Ie007
Ifletche
Ihsbislns
Illegalcontroversy
Ilovesims2
Iluvselenagomez1234
Ilyani
Imabored1
IMarksman00
Imdoingmybest
ImmaculateHeart
Immigratty
Immora
Immunity
Impossiblekgirl
In Flames
Indigogadgetgo
InesNY
Inflatablepenguin
Ingrid1996
Innab
Innoumi
Insaneyin
InspiredAndNatural
InspiredAndNatural1000
Intocharm
Invertzoo
IP law girl
Ipstenu
Ireland girl~enwiki
Irene dolphin
Irish South African
IrisWings
Irisx
Irockz
Irunwithscissors
Iryna Harpy
Isabela84
Isabellagoehring
Isabelleeastham
IsabelleVivian
ISD
ISeeYou
Iselilja
IshtarDeity
IsisAthenaArtemis
Isley Pie6
Ittouryu anokage
Iúile
Ivankazz
IvyAmethyst
IXCat
Iyentra Rasonica
Iznor19
Izzyiscool1218
J0D
Jackie O'Lantern
Jacqueline Morges
Jacy zhou
Jade Peat
Jade.glasgow
Jadestar495
JadeyKappes
JaeRae
Jakyllzs
Jamela Peterson
JamesCarl1989
Jamie Schmidt
Jammycaketin
Janaebur
Janechra
Janers0217
JaneSwifty
Jannetta
Jannetta
Janniejdoe
Janpanrocks56
Jansoto
Japleenpasricha
JavaAndCSharp
Jaymiehansen
Jazzpizzazz5000
Jbrandt2
JBVaughan
Jcask
Jcatgrl
Jdowling6
Jeanne boleyn
Jeanne.m.oore
Jeannedeba
JeanyFalco
Jedi feline
Jeffy Jaison
Jem8830
Jemmabond
Jenaptrsn
Jencat385
Jengod
JenGrana
Jeni
Jenna.l.green
Jenna.leeseberg
Jenna.marie.lamb
Jenna.shallman
Jennafs78
Jennica
Jennifer C
Jennifer.j.zetocha
JenniferJellybean1
Jenny Rose Lee
Jennyhjennyh
Jentile
Jepbdpop
Jes3
Jess Gordon
Jessa.Huber
Jessg91
Jessica Jaye
Jessica729
Jessicaaaj
Jessicamollie
Jessicastelter
Wave of Mutilation
Merewyn
Nsgaeverine
Jessiebestie
Jessiepangrac
JessieSHuang
Jessikins
Jewjamss
Jezebel Parks
Jgmikulay
JiahuaWowo
Jibbles
Jif101
Jimena.schroeder
JingHan
Jitterro
Jjorjja
Jketchum31
JLFru
Jlgong
Jllm06
Jmaybee
JMyraYeung
Jnc xavier
Jnet teller
JoannaSerah
Joannebogdan
Joannebogdan
Joannebogdan
Jocelyn Converse
Johanna
Johanna-Hypatia
Johansonburg
Joiaaouor
Jola-wiki
Joleung
Jonsambie88
Jooojay
Jordie.Salwei
Jordy81217
Josephine.c.milewski
JosieSmosie
Jpallan
Jpand15
Jpletzke
Jrmatos
Jscarboro
JTKZelda
Juanin921111
Jud
Juldie
Julia W
Jund NDSU
JuneGloom07
JunkieKittie
Juptr
Just-fix-it
Justforthefun17
Justforthefun17
Justi521
JusticeGirl
Justicemanlolz
Justicemanlulz
Justlearninghowtosmile
Justmeonhere
Justyna gawlik
Jvanraal
K DeeDee
K Rich MN
K-9 LVR
K. Lastochka
K.Grey
K2padden
K123B
K123456
Ka whe
Kadie.j.eaton
Kadragna
Kaiseralexa
Kaiti
Kaitlynbock
Kaivolk
Kamabree
Kammu111
Kapitan110295
Kapohogrrl
KarateKickin
Karen fh
KariShyGirl
Karithina
Karlee.beavens
Karlee.beavens
Karlitatv
Kasiya
KassandraRoyer
Kat is amazing
Kat ola7
Katana Geldar
Kate.Mertz
KateKlos
Katelynn.cox
Kater144
Katester06
Katharineamy
KathrynDockter
Katie lt3
Katie.anderson.5
Katie.anderson.5
Katie1971
Katiedid
Katieharrison
Katieishme
KatieRamseur
Katiexwong
KatinaMarie
KatinaMarie
Katsp8
KatVoronova
Katwin
Katy Blackwood
KatzeFelineFriend
KatzeFelineFriend
KaunisSuicide
Kawaii-Soft
KawaiiDragoness
Kawalker14
Kayhau05
Kaylagaze
Kazcita
KBPOG
Kc9eow
Kdean12
Keberne
Keeera
Keesiewonder
Keira1996
Kekasih13
Kelby.kleinendorst
KellyDoyle
KellyLeighC
KellyLeighC
KelseaC
Kelsey21kay
KemiKemiNeko
Kendall Shackelford
Kendrick Miles
Kerisu
Kerowyn
Kerrisene
KerriZ
Kerry Raymond
KeshaSavvy
Ketaki Pole
Ketaki Pole
Ketie G.
Kfinsand
KFullerton
Khardani yosra
Khowell4
Khushboo thaker
Kicsit
Kieyuku aozora
Kikichugirl
Kikiymum
Kim Leung
Kimballsp
Kimbits
Kimtastic93
Kindmonkey
KingsleyZissou
KinseyLOL
Kiore
KirstenWeasley
Kirstinhunter
Kirstyc90
Kirti Sethiya
Kiruba catherine
Kisholi
Kissmequick
Kitanne
Kitty-Kat
Kitty555
KittyConnolly
KittyFan2004
Kittypersonspirit
KitzuRane
Kiyoko3
Kjtobo
Kjtobo
Kk loach
Kkarma
KKillen
Kkrance
Kla22374
Klw 139
Kmacd55
Kmacdon5
Kmarsha3
Kmbeer
Kmccook
Kmcguiness95
KmdS2015
Wave of Mutilation
Merewyn
Nsgaeverine
Kmemcc22
Kmkbsu
Kmorri11
Knalyssa
Knickerless
Knope7
Kogoro 9 23
Koian
KokilaMistry
Komalsfashion
Koreanchick80
Koshiba
Kosts2016
Kounagihishouka
Koyuki267
Kpoppish
KRDilemma
Krisblade
Krissyray
Kristinalyn81278
Kristine0089
KristyLeighh
Krylonblue83
Kschroeder365
KTC
KteachK
Kudoshido
Kukaichub
Kuplukjaya
Kuriza
Kuronue
Kylara
Kymara
Kyouketsusha
Kyphe
L.johnston95
L33th4x0r
La Maupin
La1228
Lacey.C.Harper
Lady BlahDeBlah
Lady Kya~enwiki
Lady Lotus
Lady.de.Clare
Ladybesttruthful
LadyFlorez
LadyMage
LadyofShalott
LadyRose2001
LadySydney
Laeril
Laerwen
Laili
Lainestl
Laladeda84
LaMenta3
LaMotti
Lanskybc
Lantuszka
Lapadite77
Larkspurlazuli
Latias1002
Lau liz van
Laura Mason
Laura Renaud
Laura.a.anderson
Laura.adamson
Laura.Freberg
Laura.j.ball1
Laurenautomatic
Laurenclifford
Laurenne90
Laurenshaber
Laurier
Lav71
Lavender 2302
Layal Al-Alami
Layinganegg
LB7979
Lbednarz11
Lbr123
Lbtocth
Lcannaday
LCRubin
Le fantome de l'opera
Leaflucy
Leah.moulds
LeahHarms6
Leahym1
Leanne333
Learse
Lee Rae Ae
Lee-Anne
Lee-mei
Leela0808
LeelooMultipass
Leeyh20
LeheckaG
Leia
LeiB
LeighBCD
LeiLei63
Lejepa
Lembowman
Lemmiwinks900
Lemurbaby
Lenakhm
Lenascully
Lenesaysyup
LeoRomero
Les733
Leshkuq
LeTarre
Letsy2
Lettyn
Level C
Leveritt25
Lex.schirado
Lexie.unhjem
Lexie.unhjem
LexiMoore
Lezelmaz
Lgcheng
Lgggioia
Lgphoto
Lhagiang
Lhealt
Li.andy
Liachan
LibrarianKaren
Librarygurl
Librocubicularist
Librophilia
Lidia de Toro
Lierre24
Lieselm
Life in General
Lighterside
Lika Kharazishvili
Likecalifornia
LikeTheWind
Likhitha gottipati
Likia21
LilianPhoebs
Lilinie
Lilith luisa
Lilithmoon1
LilliCat
Lillygirl
Lilyuserin
Lina86
Linaduliban
Linaria1
Lindale13
Lindisfarne~enwiki
Lindsayart
LindsayLou
LindseyCooper
Lindum
Linelemondk
Lioness94
Lioness713
Lis sing
Lisa Marie Oliver
Lisa Seelye
Lisabethwasp
LisaBrown2012
LisaG60
Lisajordahl
Lisaoliver
Lisaveras
Lish scicomm
LissaExplains
Lithiumflower
Little Alex Brown
Little green moose
Littlecarmen
Littleghostboo
Living Dangerously
Livingdeaddolls
Lizlady
Lizyellowsourfruit
Lizzie Charlton
Lizzie Harrison
Lizzie mcnamara
Lizzymartin
Lizzysama
Ljs142
Lkientzle
Lldintx
Llljacques
LMRodger
LMshe
Lmwalz
Lo Ximiendo
LobsterTentacles
Loeba
Lofrida
Logically Illogical
Loiter9
Wave of Mutilation
Merewyn
Nsgaeverine
Lola.adebimpe
Lolimomilla
Lolita.Y
Lolitatronic
LombrizFeliz
Londonsista
Long live potatoes
LongestAugust
LongLiveMusic
Looks like a
Loolylolly1997
Loreanar
LostBelmont
LouieLouie14
Louiseann76
Love of literature
Lovebirds211
LovelyEdit
LovelyGirl7
LovelyLillith
Lovepollution
Lover of Itachi
LoveStreamFlow
LoYang
Loz kearney
LozziePopxX
Lpwallaby
LRaja
LReditor
Lstanley1979
Lu.roberts1991
Lubnarizvi
Lucia Black
Luciella
Lucille Pharm
Lucky Cherub
Luckystars
LucyMurdy
Lulija-the-raven
LullabyLoves
Lulu288
Luned Mair
Lurleene
Luth ZL
Lutzv
Luvpaws
Luz del Fuego
Lwalt
Lwollert
Lwollert
Lyavelino
Lycheeberries
Lyddiechu
Lydia Pryon
LydiaRDoyle1992
LydiaRWJ
Lylahearts
Lynnwilkie
Lyrica9
LyricsThatSing
Lyrl
M205es
Maberry
Macfack
MADaboutforests
MaddieGa
Madeleined2
Madgirl 15
MadHaighaHatta
Madhuri2611
Madhuric
Madhurirv
Madmarigold
Madnaduk
Madradish
Maeve82
Maevrim
Magical.mackenzie
MagicFlute1983
MagnaMoon
Maha Odeh
Mahafreed
Mahtabshadi
Maine12329
Majesticgoat
Mak506
Makesintomy
MalekOlfa
MalikLove
Malkinann
Malzees
Mamotte~enwiki
Manasipadukone
Maniesansdelire
Manjo ExLibris
Mapocathy
Maragm
Marchrain13
Marella Yasaswini
Margi-sama
Mariacorrigan
Mariadelaspreguntas
MariAdkins
Mariah.l.hiltner
MariahAMAZING
Marie-Galante
Marikology
Marina Nikolaevna
MarionKelt
Marira
Marissa.bridgeman
Marissa.bridgeman
Markelle.axtman
Marla-Ahlgrimm
Marlofelicia
Marowmerowmer
Marphilly
Martha 93
MartinaRoell
MartinKimi
Marwa Abid
MaryGaulke
Mary K Moore
MaryG6279
Matara-jin
Mathwhiz 29
Mausy
Mavisjheng
Maxieds
MaximumNeptune
Maya Levy
Mayast
Mayssoun saleh
Mayteng
Mbama7
Mbkg1002
McAngeOK
Mccalljh
Mchloe98
Mckenzie.galster
Mckenzie.l.mann
Mcmacdonald
MDCCCXLVIII
MDSchaub
Mdwav
Me do yoga
Medea1919
Meerkatakreem
Megalibrarygirl
Megan Boehm
Megan.j.olson
Meganadams
Meganmccarty
Meganrose99
MeganVan123
MeikyuuButterfly
MeisMyself
Meiying ho
Mejarc
Mel.Anderson20
Melange fiesta
Mélanie Huguet
MelanieN
Melcous
Melissa.lacher
Melissafales
Melloasjello
Melodychick
Melodywind
Melty girl
Melty girl
Melty1234
Melvalevis
Mematthews
Membrain
Meowlody
Mercedeseileenvillanueva
Mercolano
Meredith Garstin
MeredithHunter
MereTechnicality
Merewyn
Merewyn
Merewyn
Merillupin
Merpin
Merseybird
Meshellbytheseashore
Metanar
Metaphorical analysis
Metra-San
Meya
Meytav
Mezzbuzz
Mglenn25
MgTurtle
MhairiBowe
Mheart
Mhickey2
MHusnick
Wave of Mutilation
Merewyn
Nsgaeverine
Mia Legato
Miagirljmw14
Miamiamyrose
Michalge
MichChemGSI
Michelleem
Michiyuki
MickyalaxoMowry
Midwich Cuckoo
MightyOmega
Milena
Millaindie
Millsfer
Mimosatree
Minerva97
Miniapolis
MinnesotaParkLuver32
MintBeast
Miotas
MIP
Miracosl2
MirandaDM
Miriam joy
MirianBruckschen
Miriel Giltarma
Miriel~enwiki
Misaacso
Miseon.bak
Misheru32
MisiaMMM
Miss Bamboo
Miss Bono
Miss Burkle
Miss Felicity
Miss kat
Miss kat
Miss Tabitha
Missbrianne
Misscutie27
Misscutie27
Missionedit
Misskathryn
MissLindsie
MissMargaretBlack
MissMJ
Misspenny
MissRoseQuartz
MissShona
MissTimeturner
MissTinkertrain
Missus IP
Missvain
Missy1234
Missyp89
Mitternacht90
Mitzi.humphrey
Mitzkie
Mizuki shirai
Mjscheer
MkaflinUEK
MknzNn
Mkresky12
Mmarsha2
MMKraker
Mmoyer
Mnortonb
Mo0086681285
Mobell2012
ModestCassi
Módis Ágnes Vadszederke
Moesakaru
Moira98
Moirae
Moisterhp
Mokoniki
Molly.lynnae
Molove
Momoroxmysoxoff
Monibisordi
Monica Linville
Monichor
Monikasj
Monkeygirl3493
Monochrome Monitor
Monstez
Montgolfière
Mooeena
Moona Sehgal
Mooncrest
Moonie1919
Moonsong
Moonvsgoku
Morada1356
MoranaL
Morbid amber
Moreno fairy
Morgan Phoenix
Morgan.hausauer
Morgan89
Morganpeters
Morriswa
Mortari
Morwen elfling
Moshpitttt
MountainstoSea
MPpsychmarq
MQksnelso
Mrazikk
Mrocheleau13
Mrs.scrapbook0473
MrsJohansen
Mrubinos
Ms Ringtail
Ms. Black Gold
Msannakoval
Mschmidt44
Msennie
Msklb
MsNika349
Mssemantics
Mstislava
Msydow81215
Msz67
Mukiox
Mukkakukaku
Mukkakukaku
Mukkakukaku
Mum2woo
Munawar Noor
Muppavarapu Navya
MurielMary
MurtaghxMisery
Mushypeasss
Musicalhollie
MusicsColors
Mussevira
MuzikalNotes
Mvitulli
Mvw02
Mvw02
Mwillard6
Mwpiper
My-dog-is-shep
Myblueskyday
Mydemand
Myfanwy
Mykwan
Myleftelbow
MyLovelyNess
Mymikie
Mysid
Mystery24
Mystify85JEC
Mz.Kiedis
N0rbie
N2014
Naccha
Nadanon
Nahallac Silverwinds
Naila Khan
Najja
Nakamura chiaki
Nakamura chiaki
Nancy0309
Nancyboels
Nancysing~enwiki
Nande0nande
Naninboston
NanishaOpaenyak
NApp
NarakuNoHana
Narjes kahouli
Narok04
Naruto3135
Nat91
Natalietesslove
NatalieWilson
Natasha Vita-More
NatashaSciFacts
Natchaaan
Nathalya Cubas
Natjohnson
Natoosha
Naturagirl~enwiki
Naturegal25
Nauma
Naval brat
NDfan007
Ndgirljz
Ndsuamanda91
NeatlookingGirl
Nehnehneji
Neko-cat
Nemethleticia
Nenuphar11
NeoApsara
Nerdiah
NerdsDiscuss
NerdyVibe
Netha Hussain
Wave of Mutilation
Merewyn
Nsgaeverine
Nethilia
Netminder2610
NewYorkParis
Neyrus
Ng Pey Shih 07
Nguyen Thi Ngan Huyen
NH268
Nia1303
Nicbie7
Nicholemacgregor
NiciVampireHeart
Nicolemmattson
Nicolezeffer
Nicstick
Niftirini
Nightenbelle
Nightmaj
Nightsky
Nikachu~enwiki
Nikicia
Nikk-J
Nikki311
Niktute
Nileena joseph
Nimptsch3
NinaSpezz
Ninevah
Nini270~enwiki
Ninjawolf
NinuKinuski
NinuKinuski
Nistra
Nitenurse
Nixen Haydon
Nkunkle
NMartin319
Nmwallace
Nnn1czech
Nocowardsoulismine
Noelledeg
Nonchalamment
Noodlinator
Norkey9
Nothing149
Notshortbutchibi
Nour.m.alabase
NovaBrunswick
Nowtynowt
NPS86
Nrybltc
Nsgaeverine
Nsgaeverine
Numbbelligerence
Nurinha
Nxstya
Nyanchoka
Nyantatata
Nyanyanyanyan
Nyctalopia
Nyiffi
Nyletak
Nyletak
Occy213
OctaviaYounger
Oddminton
OfficeGirl
OffWithHerHead
OgasawaraSachiko
OgasawaraSachiko
Ogress
OhBobSaget
Ohgodiva
Ohwittyone
Okami Demon
Oksanaza
Oldbeeg
Olgpa
Olijven
Olivia Morrison
Omgomgomg888
Ominictionary
One more night
OneWomanArmy923
OnFire4Jesus
OnTheMountainTop
ONUnicorn
OohBunnies!
Opabinia regalis
Optijen
OrcaWatcher
Ordocello
Oreos
Osaru Sensei
Oslogirl5
Otaku88
Otaku88
Overandaway
Oweeo
Ox erin xo
Oyuki 622
P h o e b e™
Pa7
Pa7
Paccob
Padmaja cool
PaFoua
Page.britt31
Paigem1990
PaintHorseLover
Palaeeudyptinae
Paleocolour
Palespectre
Palindromologist
Pamalcantara
Pandemoniumexpress
Panic!out
Panic!out
Papercutbiology
Paperdoll51
Paradox.player
Paradoxes
Paralingua
Parallel Persona
Paramountair
Paranhanuel
Parijata
Parul jain13
ParulThakur
Pastel kitten
Patriciapiccinini
Pattymooney
PaulinKa
Pauuuvicious
Pavani
Payton.ressen
Peabunny
Peace love and feminism
Peacefully outspoken
PearlizeCL
Peas on Earth
Peer Gynt
Penelopeia
Penguin2006
PenguinMagic
Penguinmlle
PennyDancer
Persiana
Persianblog4ever
Persistent widow
Petabites
Petalglassjade
PetraSchelm
Petrovsky18
Pgmoller
PhillC
Phirexian
Phoebecarey21
PhoenixBlitzkrieg
PhoenixVTam
Phorofor
Pieceranch
PigeonOfTheNight
Pink Distortion
Pink Fae
Pink rose19
Pink Sparkle
Pink-seoul-judo
Pinkadelica
PinkDeoxys
Pinkmango00
PinkPanthress
PinkTruffles123
Pinxuan
Piratesswoop
PixelPerfect
PlanespotterA320
Plange
Platinum57
Playboybunni
PLM Superstar
Plumcouch
Pmanz2014
PNGWantok
Pnkrockr
Poetrygirl332
Pogovina
PoizonMyst
Pokey little puppy
Pokey2009
Polarwolf
Polarwolf
Polarwolf
Polarwolf
Polarwolf
PoliceGIRL
Policsn'stuff
Polyhymnia
Polynomeal
Pomato
Wave of Mutilation
Merewyn
Nsgaeverine
Pomergirl
Ponypal918
Poonampahari
Poonkier
Popoki
Poppopvip
Poptarttt
PopularOutcast
Porcupineforest99
PoularChess1243
PowerdByCaffeine
Ppena
Prarthana07
PRASHANTH.RGU
Precis-chan
Precure girl289
Preethi Evangeline
Premeditated Chaos
Prettyxvacant
Princess Bianca
Princess Bianca
Princess Bianca
Princess Cutiepie
Princess Elise17
Princess Homestar
Princess Janay
Princess Moonray
PrincessjessicaGT
Princesspunch
Proggyponydubsteppers
Programming gecko
Proudfeminazi
PseudoPsych
Psingleton
PSmommy25
Psp0b7
Psud
Psud43
Psych1292
Psychetube
PsychMajor14
PsychMajorFall19
PsychologyinNoDak
Puceron
Puchiko
Puchiko
Puellanivis
Punkymonkey987
Puppy 6754
PuRe AnGeL 96
Purple Is Pretty
PurpleFlower
Purplepen
Purplepickledonions
Purrfecc168
Puzzlegirl 2009
Pyro maniac maniac
Pythagorean Theorem
Pyxis Solitary
Q argun Q
Qecalumini
Qem
Qing Yi G
Qingshanzhuhun
Qizax
Qqlovesyou
Qrystal
Queen Spiral
Queenofotakus
Queenofrubies
Queenofsapphires
Queer uncle arthur
QueerFilmNerd
Queerly Bohemian
QuietRain
Lquilter
Quishebranch
Quistisffviii
QuizzicalBee
R3m~enwiki
Raceberry
Rach23
Rachel Thorn
Rachel Thorn
Rachel.l.westphal
RachelPWendt
RachelTod
Rachend
Racheya
Rachupike3
Raffine2004
RahiniDavid
Rahmanawatia
Raimu
Rain drop 45
Rainbow Shifter
RainbowOfLight
Rainbowofpeace
Raindrop97
Rakaha
Ralyyy
Randee15
Randicrabbe
Randykitty
Rani The Elephant
Ranwanasfi
Rarity
Ratih M.D
Ratwoman
Ravan
RaveBlack
Ravmadz 9017
Rayven the Crook
Rcamilled
RCLeahcar
Reallytinyprint
Realmdee
ReavesUMW
Reawaken
Rebbing
Rebecca.lidh
Rebecca.roper
RebeccaGulotta
RebeccaHugo
Rebeccaly
Recnet
ReconIsAnOtaku7
Red Pen
ReelAngelGirl
Reem Butt
Regiria
Reham Darwish~enwiki
Rekp
Remeisigma
Remixed
Renaika56
Renatta81
Renoah
Renuka sarkar
Renzh02
RetroTexan
Revotfel
Rhanabanana
Rhanyeia
Rhanyeia
Rhiannon.jones27
Rian Park
Richardsd
Rickyrab
Righter1000
Riley1012
Ringo 2000
Riot Angel
RiotsNotDiets
Ripswitched
Ritapruzansky
Ritu qgk
Rkmlai
Rkranenburg
RM21F99
Rmj12345
Rmm413
Roadbound
Roaming27
Robanna
Robbiegiles
Roberta F.
RobinMcM
Robomilk
Robomonkeyfan
Rocazii
Rockergurl92
Rockyrelayx
Rohini
RomneyGingrich12
Rosalina2427
Rosalinta
Rosalthe
Roscelese
Rose Ashe
Roselia92
RoseSandIceNight
Rosiefromconcrete
Rosiestep
Rosimane
Rostaf
RothMUpsych
Rouge~enwiki
Roxana.franga
RoxannaStrawberry
Roya.hosseini
Rozafaaa
Rpotance
Rremus10
Ruarc
RubenSuben
Ruby2010
Rude23
RudeDana
Ruet Trel
Wave of Mutilation
Merewyn
Nsgaeverine
Ruff tuff cream puff
RufusX
Runa27
Runaway177
RunningUranium
RunningUranium
Rurfs
Russianamerican1
Ruthless.Cutie
RuthStevens
RxK MsC
S. Sapphire
S.alethea
S.Stults
S1504389
SaAnKe
Saber girl08
Saccarte
Sadia.abdulkadir
Saehee0908
Safehaven86
Sagitox
Sailor Angel
Sailor v
Sailorsaturn
Sakura-iro no namida
Salamayamini
Sallymillywang
SallyQuintero
Salma Vian
SalmonCat
Sam at work
Sam mc123
Sam42
Samantha.meyer
Samantha.myhre
Samantha.yineman
Samantha555
SamanthaAlmanza
Sameichel
Samira 2008
Sampalmer
Sanchezita
Sandbergja
Sandeli Tepi
Sangavitamilmani
Sanjanas99
Saoirse Collins
Saoirse Erin Every
Saoirse Michel
Saoirsemoore
Sapphire Dragon777
Sapphiremirage
Sapphiretwilight
Sara.g.goldstein
Saracates
Sarah Hailey
Sarah sofía
Sarah sofía
Sarah Urlacher
Sarah Winterburn
Sarah.bourassa
Sarah.isaacs
Sarahgal
Sarahjane10784
Sarahmckinley4
Sarahnoll
SarDavis
Sarranduin
SashaHuic
Sassylc
Satinandsteel
Saturn star
SaturnCat
Saturniia
Savanna.westrom
Savannah.m.voeltz
Savie Kumara
Saxovonhafnia
SayGoshWiki
Sazai
Sbodlovich1
Sbrownley
ScaredCrow
Scarletsugar
Sceptre
Schan0
Scholar8888
SchönePuppe
Schwarzes Nacht
Sciencemichelle
Scigirl543
Scirocco6
ScooterGal93
Scorpiondollprincess
ScreaminEagle
SDato80
SebastianBean
Secretss
Sefran2
Sefran2
Seinarson
Sek2016
Selene Felitze
SELI-chan42
Semitic87
SenshiMiko
SensibleOxymoron
September 1988
September88
Septmars
Seraphim
SeraphimXI
Serasuna
SereneTiger
Serenitylopez
Serisapphie
Serpentine17ice
Seskia
Setareh1990
SethSrcho
Seven of Nine
Sevenite
SexyGirl
Seynabou
Sg424
Shadowed Soul
ShadowSirenV
Sharlemagne
Sharonmarie392
ShatteredSpiral
ShawSt66
Sheetaljo
Sheilaevans33
Shelbisims619
Shelbtrav
Shelby sharp
Shelby.a.schields
Shelby.kappes
Shelleybelly09
Shelleyy
Shellmish00
Shelmy.Paulose
Sheppers 0505
SheraLynn
SheridanFord
Sherlynchoong
Shermoo
SHERRY1991
Shickey244
Shilpasuri25
Shining.Star
ShinkisRule
Shinobigai
Ships at a Distance
Shivoconnor
Shiyoushi
Shmezmo
Shmooshkums
Shoshzee
Shrewdcat
Shrikesong
Shrodger
Shruti20
Shuniw
Shvpeshvft
Si ego sum sapiens...
SiameseSoul
Sianska79
SicaSunny
Sidnejek
Sikon
Silenciar
Silentaria
SilentResident
Sillymirror
Silver Diadem
Silver500
Silver923
Silverelf
Silverleaf
Silverthorn
SilverwingWolf
Simply Winter
SimranLal2000
Sinii
SINsApple
Sint s night
SiobhanSmith
SitDownOnIt
SixBaltar
Skatoulaki
Skellinator
SkierGirl77
Skittleys
Sklauck
Skogul
Sky83
Skyerise
Skyezx
Wave of Mutilation
Merewyn
Nsgaeverine
Skyleaf
SLBohrman
SleepyAE
SlimVirgin
Slmcguinness
Slyferret
SM Fire
SM Invincible
Sm3a
Smadhavichandra
SmallCheez
Smartpotatoe
Smccloud92
Smckeo3
Smeagol2
Smirkybec
SmithVee
SmittyFan1
Smoczycamagda
SMT.NDSU
SnapSnap
Snehakhude
Snorepion
Snowfoxx
Soapy Sunshine
SoarKitten
Soccerfan1996
Social Ferocity
Soheyla
Sokkenai
Solarra
Solson02
Solveig Dylewska
Some jerk on the Internet
Sometimesdee
Sonachowdhary4
Sonnyandcher
Sonria
Sontse~enwiki
Soo3
Sooleawa
Soph Elizabeth
Sophiakorichi
Sophie '97
Sophie-iphone
Sophieg15
Sophiya ghimire
Sophus Bie
Soulnebula
Spark Moon
Sparrowrose
Spectral Witch
SpiffyPinkUnicorn
SPNkitkat
Spock of Vulcan
Spongy-Anime
Sport and politics
Spottedstar
Spottytherotter
Spunkycopper
Square pear
Squigglet
Sqwamparo
SRaemiA
Srdemuro
Ssandrathomas
Ssarae
Sschroth
Ssd9143
Ssengsav
StarbriteQueen
StarbriteQueen
Starry.dreams
Staticshakedown
Staticshakedown
Statler91
Steelypip
Stellaproiectura
Stellath
Steph Sorenson
Steph2016
Stephani21
Stephanie Lahey
Stephanie Lim
Stephaniefriend
Stephkaya
Stephkru
Stephy100
Stettlerj
Stickypopsicle
Stop and stare14
Stop and stare14
Storm25
Stormcloud22
Strawberry Sara
StrawberryChoco
Strdst grl
Streetdreams
Strictlyrouge
Strideranne
Strontium87
Strznc
Stsynn
Suada1976
Sudo coffee
Sue Kastle
Sugarnova
SugaShake
SujinYH
SummerGrant
Summerhawk
Summerlyn53515
Sungirl2424
Sunitharanijohn
Sunshooter~enwiki
Sunyiping1993
Suonii180
Super Videl
Kimaus
Superbellymonster
Supercell121
SuperKirbyPudding
Supersima
SuperSonicBaby2
SuperSwish
Supervegan
Susan118
SusanLarson
SusannaCorreya
SusannaSusie
Susieqiu
Suswetha Kolluru
Suthipa
Suugaapio
Suzannejb
SuzanneOlsson
Suzihigton
Sværdalkymist
Svaksha
Svaud097
Sweet & Sour Grapes
Sweet Morena
Swimmer Gurl
SwissMiss
Switchintoglide
Sybil Gray
Sylae Corell
Sylvie Liliane du Pont
Sylwia Ufnalska
SZadeh
Szirmaik
T-tok01
Taari
Tabularasasm
Tahxick
Tails Soda
Taiofierce
Talchum
Talosette
Tanmiao52
TanookiAri
Tansyuduri
Tanton2008
Tanuyeiro
Tara.lebrasseur
Tarabyte
Tarmin68
Tashcooke
TastesLikeLove
TastierSpeech
Tatiana Matlina
Tatithebest
Tatompki
Tattycoram
TaylahCullum
TaylorDrenttel
Taylorkwest
Taymcd5
Tcharlotte
TCMemoire
Td23416
TeamGale
Teannw1
TearAwayTheFunerealDress
Teblyn
Teemeah
Teh Rae
Tejashri.kulkarni
Tennisetviola
TenTonParasol
Tepping
Teresa di Vicenzo
Tess Mattew
TGDJ
Thaf
Thalassaxeno
ThatCuteCat
Wave of Mutilation
Merewyn
Nsgaeverine
Thatpeachgirl7
The Green Arrow1
The Impossible Girl
The Jynxed
The pink panther
The stormwatcher
The tooth
The tooth
The Vintage Feminist
The Vintage Feminist
The Vintage Feminist
The Womble
TheaterMarine
Theatrepanda
Thebestwinter
Theda
TheDracologist
Theecc
Theeighthendless
TheEnd2121
Thegirl
Thekittybomb
TheLurkerMan
Therealelizacat
TheRoseMyrtle
Thesarahshow
TheStan
TheTomato
Thierrynka
ThinkBlue
ThinkBlue
Thismakessand
ThisMuseFanHasANewWikiAcc
Thre3lancholy
Thrill5d
Ticktocktenoclock
Tifferets
TiffyBeth
Tigress Dawn
TigressofIndia
Tilapronk
Tillie42
TilottamaTitlee
Timelordlilytennant
Tina mc ca
Tinkstar1985
Tishyagaba020397
TJS1989
TMagen
TNeal23
Toadette Fan
Toasted Onion
Tony DiNozzo Cat
Toomanysidesofme
Top811
Torchickens
Tori Veth
Tori100tcg
Totschafe
Towersc
ToxicAllure
ToxicArtichoke
Tparks4159
TPIRFan1986~enwiki
TracyEpton
Travunia~enwiki
Tribal44
Trillfendi
Trilliane
Trinindian83
Trinityblood
Tripleahg
Triptropic
Triscuitchan
Trishacccc
Tsukata
TuffDuff
TuffGongster
Tullyis
Turn685
Tusami
TUSWCB
Tutelary
Tuyen Tran
Twinkle365
Twinkler4
Twinkler4
Txmormon97
Tz'unun
UASR
Uchuflowerzone
Ultimaterasengan
UltimatesocCer
UltraRainbows
UltraRat
UltravioletAlien
UMich05
UnicornTwilight
Unique24
Unique3333
Unknownlake
Unreal7
Upsidedown i
Urbanique
Urbashi
Urpunkt
Urumi
UsagiEriko
Usagitsukino8
USchick
RexxiA
User1959
Uterus 77
Utilizer
Va girl2468
Vadszederke Agnes Modis
Vale29mo
Valerie.douglas
Valerie27
ValerieSpie
ValisonLo
Vallisso
Vandana Wadhawan
Vanessakrolly
Vanessakrolly
Vanillacreem
Varshauxwiki
VaselineH2O
Veled
Vell Retiza Baria
Vellidragon
Venerated
Verloren Hoop
Vero444~enwiki
Veronika53
VeroniqueBellamy
Vertilly
Vetdesigner
Vflore1
Vfrn
Vicke1988
Vickser
VickyMatthews
VictoriaAPierce
Victoriaclark86
VictoriaEdwards1
Victoriagirl
Vidal 1077
Villasa4
Villedre
Vintergjest
Violetkizzy
Violine
Vipereph
VirginiaTechFan2020
Vishakavijayakumar
Vivahk
Vlewitus
Vltava 68
Vltava 68
Vmansoor
Voceditenore
VoomZoom
Vrave98
Vrenator
Vrhnje
Vuvypuvy
Wadewitz
Wafaashohdy
Wahying
Waikamachi
Waithamai
Wakanebe Wizard
Wala boussetta
Walla2jl
Wannabezaby~enwiki
Wannesa
Warmfuzzygrrl
WarriorBaby
Warriormartin
WASkier
Waterlily16
Wave of Mutilation
Waynemb2
Waynemb2
Wcby205
Wedian
Wee Wolf
Weenerbunny
Wellingtoncat
Werbinich
Wewit
WhatamIdoing
WhatamIdoing
Whiskthecat
Whitney.ryan
Whoosher
Whylimeemily
Wave of Mutilation
Merewyn
Nsgaeverine
Whymeiry
Wiki Roxor
Wikicrear
Wikidickens
Wikiliv
Wikimandia
Wikitortoise
Wildflower686
Wildfox
Wilhelmina Will
WilliamBaked
WimpyKid
Wingatecat
Winter Moment
Winterpolaris
Wishkres
Witchbaby
Witlash
Wmj1974
Woah321x
Wolfgang The First
Wolfhorse
Woloshkm
Wondering Wiccan
Wood.ashleyb
Writerchick
Wrongpageamundson
Wtpsych
Wwfanz
Wwwwolf
Wyley cat
Xabbzziieex
Xaquilda~enwiki
Xchorusxromancex
Xdarkdawnx
Xela Yrag
Xena-angel
Xgravity23
Xhanhanx
Xhemilja
Xianteng
XieTingting
Xillania
XSklzxDark
Xtc23
Xuchilbara
XUENIUMU
Xxagile
XXalyXx
XxReikoxX
Yamenah
YaqiZ
Yardenac
Yasamin77
YeLLeY511
YEloi
Yelyam
Yhisleim
Yinglol
YINGSHAN YUE
Yingzhulin
Yksin
Ylime715
Yllosubmarine
Yoliminina
Yoshiroseto
YoSoyUnHamster
Youandtheguys
YTausczik
YueningLi
Yuka Chan
Yukarin~enwiki
Yume no Kishi
Yuuki Mayuki
Yuushakaiser
Yuyvonne
Yvasquez
Zagsa
Zagsa
Zanewolf
Zanewolf
Zanysatsuma
Zeke
Zenitram82
Zephyra35
Zeromonk
Zgm00
Zhangjing Lou
Zhaojun.fu
ZoeB
Zolac
Zombie love bites
Zta
Zuzana Jochman
Zuzie3
Zverzia
София Викторовна
Учхљёная
కిరణ్మయి
荒巻ストイチコフ
