user,edits
BrownHairedGirl,844584
Jllm06,457466
I dream of horses,346015
Wilhelmina Will,324819
Drmies,234508
Funandtrvl,173952
SlimVirgin,159573
Unreal7,147006
Katharineamy,134052
Rosiestep,132764
Missvain,132571
Feminist,129093
Kerry Raymond,123104
Voceditenore,106552
Invertzoo,89476
NiciVampireHeart,89186
Jeanne boleyn,87950
WhatamIdoing,86846
Belovedfreak,77887
AnnaKucsma,75683
Jennica,75130
Randykitty,72286
Sceptre,70372
JuneGloom07,66922
Skyerise,65091
Classicfilms,63257
Vrenator,62813
Asarelah,61909
SnapSnap,58545
Captain panda,57994
MelanieN,57490
5 albert square,57450
Agne27,57335
Drbogdan,54449
Melcous,54391
Nikki311,53797
LadyofShalott,53243
Wadewitz,50892
Morriswa,49943
Pinkadelica,48575
Jengod,47880
ThinkBlue,47649
Wikimandia,47346
Miniapolis,45248
Disavian,44523
Iryna Harpy,41577
Allstarecho,41096
Lquilter,40801
Fluffernutter,40661
EVula,39066
Ogress,38179
Megalibrarygirl,37624
Some jerk on the Internet,36359
Drmargi,35245
Ruby2010,33848
Espresso Addict,33121
Cindamuse,32512
Roscelese,32088
Carolmooredc,31932
ArielGold,31727
ArglebargleIV,31078
The Vintage Feminist,28085
IceCreamAntisocial,27424
Hmlarson,27388
Hailey C. Shannon,27195
Solarra,27132
Premeditated Chaos,26514
RainbowOfLight,25565
Nocowardsoulismine,25298
Barbara (WVS),25080
Gungadin,24976
Theda,23968
Hmwith,23454
Lady Aleena,22841
Strdst grl,22543
KTC,22127
JoannaSerah,21554
Beemer69,21333
Safehaven86,21260
ISD,21255
Atsme,20694
AllisonFoley,20433
Lady Lotus,20398
FlyingToaster,20020
Bfpage,19581
FloNight,19560
Callmemirela,19274
Angie Y.,18983
Mukkakukaku,18672
Malkinann,18545
Mayast,18484
Lucia Black,17382
Bonnie13J,17365
Tutelary,16772
MurielMary,16708
Glimmer721,16669
Kapitan110295,16662
Seraphim,16627
Plange,15949
Lemurbaby,15672
Eliz81,15663
TenTonParasol,15639
Jeni,15152
CJinoz,14512
Opabinia regalis,13976
Clayoquot,13605
Julia W,13595
Yllosubmarine,13574
Arre 9,13547
Anthere,13485
Mysid,13479
SicaSunny,13259
Piratesswoop,13032
Monochrome Monitor,13001
Lillygirl,12663
LongLiveMusic,12622
Missionedit,12473
ONUnicorn,12381
Staticshakedown,12156
Mitzi.humphrey,12035
Sophus Bie,11644
Suonii180,11449
MgTurtle,11317
Rickyrab,11257
Kikichugirl,11170
PlanespotterA320,11084
HappyAppy10,11036
Pink Fae,10913
Jooojay,10848
Amuseclio,10789
Cymru.lass,10468
Miss Bono,10349
Sangavitamilmani,10183
Kerowyn,10030
Catsmeat,10007
Hmrox,9807
Teemeah,9738
Iceberg3k,9625
Nahallac Silverwinds,9612
Puchiko,9611
Accireioj,9497
Deborahjay,9484
Iselilja,9192
Ambrosia10,9076
Level C,9000
Realmdee,8948
Grand'mere Eugene,8504
AbigailAbernathy,8473
QuizzicalBee,8465
TeamGale,8462
Asdklf;,8360
Gloriamarie,8200
Alanbly,8045
0xF8E8,8015
Sue Kastle,7919
Andreasmperu,7913
Sport and politics,7749
USchick,7629
Bejinhan,7603
Netha Hussain,7564
Lyrl,7551
Lapadite77,7483
Loeba,7474
Rebbing,7446
Victoriagirl,7404
Saturn star,7282
Fsotrain09,7245
Balin42632003,7227
LeheckaG,7085
Meganmccarty,7068
Wwwwolf,7048
SilentResident,7032
Johanna,7011
Yume no Kishi,6892
Basilisk4u,6861
Brambleberry of RiverClan,6640
Thaf,6621
RuthStevens,6572
Bali88,6517
Ellin Beltz,6484
Dreamyshade,6456
GD.BB,6430
Lutzv,6334
Lwalt,6179
Pyxis Solitary,6134
TCMemoire,6123
Clamster5,6093
Yksin,5910
Ipstenu,5818
Knope7,5728
Silentaria,5722
Skittleys,5566
Daniellagreen,5561
GreekStar12,5429
Boomur,5264
Frankie816,5128
Lstanley1979,5114
ElectionsGeek,4989
Happysquirrel,4902
JaneSwifty,4888
Nyanchoka,4789
Plumcouch,4755
Kiore,4716
Keesiewonder,4620
CherryPie94,4587
Maine12329,4509
Aurora2698,4483
Kapohogrrl,4469
Elinor.Dashwood,4386
Fanficgurl,4385
Maragm,4372
Sm3a,4326
LaMenta3,4310
Ajfweb,4309
K. Lastochka,4294
Lbr123,4273
Rohini,4256
Rkmlai,4249
OohBunnies!,4244
Floating Boat,4237
Hbackman,4201
Lgggioia,4188
Pa7,4094
A Fellow Editor,3949
Arbor8,3934
FeralOink,3921
Editor at Large,3889
MereTechnicality,3839
Melty girl,3804
F!ERCE,3801
Satinandsteel,3734
Sky83,3714
Life in General,3676
Johanna-Hypatia,3671
Lo Ximiendo,3647
Linaduliban,3632
Domesticenginerd,3551
Hamuhamu,3524
Rmm413,3497
Zanysatsuma,3478
HelenKMarks,3477
GracieLizzie,3423
Darena mipt,3409
Wakanebe Wizard,3409
Madhuric,3407
Gia Sesshoumaru,3402
Ruff tuff cream puff,3362
Skyezx,3358
Triptropic,3321
Robbiegiles,3309
16pedia2,3308
Innab,3283
StarbriteQueen,3210
Candy156sweet,3199
Smirkybec,3133
Mitternacht90,3033
DynaGirl,3023
Chevy111,3003
Cleanupbabe,2994
Jgmikulay,2971
Littlecarmen,2933
Ali K,2921
MissMJ,2908
Turn685,2880
Sikon,2877
UltraRainbows,2877
Shining.Star,2861
Geeoharee,2824
LovelyLillith,2737
Byzantium Purple,2736
DieWeisseRose,2611
Saber girl08,2606
AshwiniKalantri,2558
CDA,2551
Hanaichi,2523
Nyletak,2520
Susan118,2483
Rosalina2427,2473
Charlotte135,2469
Dark Silver Crow,2469
Sarranduin,2427
JBVaughan,2342
Lizzie Harrison,2340
Pnkrockr,2333
Utilizer,2321
Allecher,2273
Kmccook,2234
Camanda,2234
Nsgaeverine,2231
Samantha555,2208
Jemmabond,2188
Daishokaioshin,2163
Cadsuane Melaidhrin,2155
Polarwolf,2131
PetraSchelm,2129
Caitlynmaire,2122
Vidal 1077,2099
Andrea Parton,2089
Rhanyeia,2088
Dalmatian Mommy,2087
Rainbowofpeace,2061
Maberry,2058
PhoenixBlitzkrieg,2036
OfficeGirl,2032
Nightenbelle,2015
Srdemuro,2014
Zenitram82,1995
Crowish,1992
Vltava 68,1976
OgasawaraSachiko,1964
FrozenIcicle96,1957
Rpotance,1951
Beggarsbanquet,1948
Grrrlriot,1942
Londonsista,1930
Cbh,1928
BettyLondon,1920
Detredwings1139,1916
Fluffball70,1906
SeraphimXI,1854
Dont mess wit me(Tay),1846
Benjaminikuta,1841
Zta,1836
Lindum,1831
Grey Maiden,1827
Mokoniki,1824
Fromgermany,1822
Housewatcher,1818
Roberta F.,1807
Crowstar,1802
Thebestwinter,1786
Spock of Vulcan,1768
Jud,1760
Librarygurl,1740
MaryGaulke,1714
Extabulis,1712
Xela Yrag,1708
Jitterro,1696
DancingPenguin,1692
Vickser,1673
ScreaminEagle,1664
Puellanivis,1655
Kjtobo,1648
Ominictionary,1648
LikeTheWind,1602
Adaobi,1596
Tribal44,1587
Dorkafarkas17,1564
Twinkler4,1562
Spottedstar,1552
Krylonblue83,1550
The Green Arrow1,1547
CharonX,1541
ElisaEXPLOSiON,1533
Almafeta,1516
Va girl2468,1510
A. Pseudonym,1507
Littleghostboo,1496
DivineLady,1494
GIR556,1477
CyberWarfare,1477
Maya Levy,1472
Zeromonk,1468
Pandemoniumexpress,1459
EdiOnjales,1452
LovelyGirl7,1448
Comhar,1448
Jezebel Parks,1444
Amulet Heart,1431
Mheart,1431
Mooeena,1426
CillanXC,1420
Mathwhiz 29,1418
Wafaashohdy,1411
Batfan1966,1401
Conservatrix,1377
Reawaken,1374
Wwfanz,1357
Dinah Kirkland,1347
Flow234,1334
IceDevil,1332
HoneyBee~enwiki,1328
Jscarboro,1327
ElfLady64,1324
September88,1323
Betty kerner,1322
Mmoyer,1321
ZoeB,1313
Sylwia Ufnalska,1308
Puceron,1307
DodgerOfZion,1304
Delilah Grams,1301
Runa27,1300
Wedian,1300
Dalysporter,1298
Eric Pode lives,1298
Oreos,1297
Melvalevis,1293
Artchivist1,1290
Silverthorn,1284
Angela26,1278
Luckystars,1275
Brett Cox,1272
Jeannedeba,1262
Isabela84,1248
SitDownOnIt,1245
Niktute,1235
Nat91,1225
Cuddyc,1224
Abby724,1223
Calliegal,1221
Kim Leung,1220
Trillfendi,1205
SalmonCat,1203
SheridanFord,1172
Aronoel,1159
QueerFilmNerd,1155
Xuchilbara,1154
Kuronue,1145
Miagirljmw14,1135
Riley1012,1127
Heather-2004,1120
Naila Khan,1112
Demster,1111
ReconIsAnOtaku7,1111
Whoosher,1108
Diamantina,1107
Stephanie Lahey,1106
Candice,1102
Foo39,1102
Excelsior16,1100
Miss kat,1092
Oldbeeg,1089
Cyberwitchy,1084
Samira 2008,1079
Lbtocth,1077
Mooncrest,1061
LeoRomero,1050
Cap020570,1046
CyrockingSmiler,1039
Bianca Anne Martins,1036
Vlewitus,1035
Chrissypan,1033
PNGWantok,1033
Wiki Roxor,1025
Stettlerj,1017
TigressofIndia,1005
Hosannagardens,998
The pink panther,998
NDfan007,988
Учхљёная,985
Seven of Nine,984
Hennap,984
Tinkstar1985,978
Sam42,976
Keira1996,970
Immunity,967
Kkarma,966
AhnSoonKyung,965
Roaming27,959
Katsp8,957
Missy1234,946
Cypherquest,943
SusanLarson,934
PigeonOfTheNight,933
Arilicious,932
Queerly Bohemian,930
Guest818,930
Melange fiesta,929
Madeleined2,919
Gatorgirl7563,913
Rachel Thorn,912
Supercell121,910
DTwirler,907
LovelyEdit,901
Ninevah,899
MBlairMartin,895
Sandbergja,893
Papercutbiology,889
ParulThakur,887
MichChemGSI,885
ReelAngelGirl,869
Aharri29,867
Bloomshouse,857
CarmelitaCharm,856
Supervegan,855
ChaosAkita,851
ForestAngel,848
In Flames,848
Glamgirljaspreet101,846
Princess Janay,845
AquafireGal,840
Lantuszka,837
Cosmic girl,836
Barkha dhamechai,830
Ecco1983,829
Coolmoon,820
SuzanneOlsson,818
Kounagihishouka,815
Calineed,813
Katana Geldar,811
Avalik,804
NovaBrunswick,798
Bardofcornish,793
Nileena joseph,788
Alexie,786
Yoshiroseto,776
DesertAngel,775
Binx~enwiki,775
K DeeDee,772
Einsteinewton,769
Crisspy,768
Persiana,763
Peas on Earth,763
Randee15,760
EVDiam,760
Deff6,759
CameoAppearance,752
Olijven,749
Salma Vian,738
Urpunkt,734
Adriana-Corina,731
Serasuna,731
AnnieHall,729
Vadszederke Agnes Modis,727
Rcamilled,725
Blacklemon67,725
Ultimaterasengan,723
CerealBabyMilk,723
Savie Kumara,718
CherryFlavoredAntacid,713
Kisholi,713
Celiakozlowski,710
Thalassaxeno,709
My-dog-is-shep,705
Carriedelvalle23,702
Letsy2,702
Mrazikk,701
Nothing149,700
Rain drop 45,700
Lisabethwasp,698
Katie lt3,695
Miss Tabitha,682
Monstez,675
EmilinAlbs,675
Rostaf,673
Kawaii-Soft,666
PinkDeoxys,665
Lithiumflower,658
Bagpipeturtle,655
Miss Burkle,649
ACrockford,643
Mvitulli,641
Roselia92,639
MagicFlute1983,638
Jammycaketin,636
Xdarkdawnx,636
Sheilaevans33,635
Pattymooney,632
KteachK,629
Ginger Maine Coon,627
Rmj12345,616
Lainestl,612
Noelledeg,612
Bush6984,607
Archie2013,606
Madmarigold,604
Suugaapio,603
Pink-seoul-judo,597
Psychetube,597
The tooth,596
YeLLeY511,594
Russianamerican1,591
PoizonMyst,587
GinaJay,580
YoSoyUnHamster,578
Anita francis2504,577
Maha Odeh,569
Jibbles,568
Justforthefun17,567
Witchbaby,564
Minerva97,561
Tripleahg,561
Rainbow Shifter,559
PopularOutcast,557
Sarahjane10784,554
Bmegrl9113,551
CMoretz,550
AyraMaria,550
Maniesansdelire,545
Petrovsky18,541
Cantara,540
Eclectic hippie,533
Florencelau,531
Abcassionchan,529
NinaSpezz,528
Alfirin,528
కిరణ్మయి,526
Revotfel,524
Rarity,523
Sailor Angel,523
Apidium23,519
Girla PurpleHeart,519
One more night,509
Hope&Act3!,508
ClaudineChionh,508
Ketaki Pole,507
K.Grey,505
Schwarzes Nacht,504
Kitty-Kat,501
RexxiA,501
Tullyis,500
Wellingtoncat,496
Dairygirl224,494
Delighted eyes,492
Nyantatata,491
Bunny-chan,490
Kittypersonspirit,489
Trinindian83,487
EMcAndrew,487
Faizaguo,485
Aparnaji,482
EmilyvstheGorn,482
NeoApsara,479
Hippychickali,476
Hawkmist,475
Penguin2006,475
Adreamtonight,474
Clint.hotvedt,473
Chariset,470
GayleKaren,469
Le fantome de l'opera,468
Aelita@Lyoko,467
Kaiti,467
Chimchar monferno,466
Loolylolly1997,466
Leela0808,465
Cherries Jubilee,458
Chickie4,458
Shrikesong,456
September 1988,452
AnitaConchita,450
Jnc xavier,448
Xxagile,448
Sophiakorichi,447
Zagsa,444
Earisu,439
Momoroxmysoxoff,436
Lovepollution,435
SRaemiA,434
Verloren Hoop,432
Anafar,430
Sagitox,428
Myfanwy,428
Elkaybklyn,427
Rayven the Crook,425
Chandelia16,425
Sarah sofía,424
Atm7,424
BluJay,422
Freez370,421
IrisWings,420
Craub,418
ExistentialBliss,417
Amaryllis25,416
Gladys Tuffnell,416
Immigratty,416
Ships at a Distance,407
KellyDoyle,406
Diamondthadimepiece,405
Diabolos,405
Fransplace,405
BSB5ivefan97,402
AntiVanity,400
A20anna,400
Precis-chan,400
Queen Spiral,400
Karlitatv,398
Callousfreak,396
Bienmanchot,395
Lizzysama,390
Lisa Marie Oliver,390
Soapy Sunshine,388
EstPhy,386
Cajalden,385
Msannakoval,384
KellyLeighC,383
Ezia,382
Skatoulaki,382
Cartoonmaster,381
AjaaniSherisu,381
Panic!out,380
SmittyFan1,380
Monikasj,378
TheDracologist,376
Chyel,375
Irockz,374
Clem cowsie,373
Lwollert,372
Sameichel,370
VictoriaEdwards1,368
Arianna the First,368
Quistisffviii,366
Advjuvairianv,365
Hot Dog Wolf,364
Lubnarizvi,364
Smadhavichandra,363
SaturnCat,363
Idecipher,362
Lindale13,361
Malzees,360
MeikyuuButterfly,359
Mahtabshadi,357
Chickville,357
LeelooMultipass,354
DiscardedDream,353
PLM Superstar,349
Iluvselenagomez1234,349
NinuKinuski,349
Madgirl 15,349
Beckmanse,349
Pavani,348
Punkymonkey987,347
Scirocco6,346
Fieryrogue,343
Scorpiondollprincess,342
Lady BlahDeBlah,340
La Maupin,340
Exhaustfumes,338
Katie1971,337
Heida Maria,337
Kieyuku aozora,337
Kymara,336
DrippingGoofball,335
Módis Ágnes Vadszederke,332
SujinYH,331
Ihsbislns,331
Katy Blackwood,330
IXCat,329
LeighBCD,329
Sweet & Sour Grapes,327
Bridenh,327
Atl152,326
TGDJ,325
LoveStreamFlow,324
Svaksha,324
Jpallan,323
Demax,321
Ladybesttruthful,320
WimpyKid,319
MissTinkertrain,316
Sonria,314
Akke Bandvagn,314
NanishaOpaenyak,313
Therealelizacat,313
Carlobunnie,312
Galadree-el,311
Aisha uk,310
Charlottiepants,309
TMagen,309
Nyiffi,308
Avietzke,307
Joannebogdan,305
ToxicArtichoke,305
Lulu288,304
Kat ola7,303
Abbey kershaw,302
Missus IP,301
Shrodger,301
Nehnehneji,299
Anne 14,299
Hamako,297
Mystify85JEC,297
RM21F99,297
SaAnKe,297
Amyanda2000,296
Serpentine17ice,295
Lee-Anne,295
Bandgeek100,294
Remixed,292
Zanewolf,292
Daisy18108,290
KinseyLOL,289
OnTheMountainTop,288
Pastel kitten,288
Byrdie,287
Civilaffairs,287
Poptarttt,286
Renuka sarkar,286
Burnt*in*Effigy,285
ShatteredSpiral,285
Dawn22,284
Thekittybomb,281
SLBohrman,281
Secretss,280
Laerwen,280
DELACORADO,279
Programming gecko,279
Likia21,279
Yamenah,276
Livingdeaddolls,276
Lindsayart,273
Lierre24,270
Erinhayden,270
Zverzia,269
Toomanysidesofme,268
L33th4x0r,266
DiscoTent,266
XSklzxDark,265
Mssemantics,265
EvilTacox4,264
BillieMTre,264
Urbashi,264
Psud,263
Timelordlilytennant,262
Naval brat,262
Cassandra423,262
AnneD17,262
Nistra,261
Danapit,260
Fenny novita,260
TuffGongster,260
Allforkatery,260
Maxieds,258
XxReikoxX,258
Xena-angel,257
Clt1985,256
Suthipa,256
Arolión Yolenda,255
MADaboutforests,254
Beatlesnicole,254
KRDilemma,254
Strideranne,253
Kyouketsusha,252
Shadowed Soul,252
TastierSpeech,251
Dcdace,250
Marikology,248
Deltarocks,248
Kudoshido,246
Airajuliafor,246
Violine,244
Abluescarab,243
Demon of Light,242
Montgolfière,242
Kogoro 9 23,242
OnFire4Jesus,242
Recnet,241
Catavar,241
Lhealt,241
Vishakavijayakumar,241
Angela21124,239
Nightsky,239
Ermesa,238
Cowboylove35,238
IvyAmethyst,237
Spottytherotter,237
Emefie,237
Mnortonb,236
Charron,235
Polyhymnia,233
TearAwayTheFunerealDress,233
Rakaha,233
Devanshi.shah,233
3loodlust,233
Lemmiwinks900,233
InesNY,232
Graphiurus Ocularis,232
Cherylktardif,229
Lighterside,229
Pmanz2014,228
AlinaGusewa,228
Moesakaru,227
Switchintoglide,227
Raceberry,227
Einmonim,225
Agnyeszka,225
Overandaway,224
Hello Link,224
Nyctalopia,224
AnvitaJanardhanan,224
Jamela Peterson,224
Sara.g.goldstein,223
Jdowling6,223
Rosiefromconcrete,223
Soheyla,221
AniBunny,221
Soccerfan1996,221
Sapphire Dragon777,221
Madnaduk,220
VirginiaTechFan2020,220
DeKalb,219
Immora,219
Pinkmango00,218
Pokey2009,218
CherryBlossom93,218
Chibified,218
Stormcloud22,215
Merpin,214
Batsofdoom,214
Wingatecat,213
Kammu111,213
Reem Butt,213
JLFru,213
BunnyFlying,212
Lenascully,212
CrimsonScholar,211
Merillupin,211
Justi521,211
Strznc,211
6Anesthesia,210
Essence5,209
RunningUranium,208
Chick No.16,208
Luz del Fuego,208
Paramountair,208
Ng Pey Shih 07,207
MIP,207
Chaoticallyc,206
Veled,205
Paleocolour,205
Merewyn,204
Saccarte,204
Padmaja cool,204
Txmormon97,203
Crossovershipper,201
Gantiganti,201
Top811,200
Rosalthe,200
Bubbles02,198
Moira98,198
Nethilia,198
JaeRae,198
Estrelly,197
Tarabyte,197
Ashleyisachild,196
MariAdkins,196
Coccico2345,195
Hope Has Wings,195
Leia,195
Lurleene,194
Holls77,194
HelenLFC4eva,194
SkierGirl77,194
Nicholemacgregor,193
DJ-Siren,193
Fair Alienor,193
Preethi Evangeline,192
Tennisetviola,192
Melodychick,191
Mrubinos,190
Morada1356,189
ThisMuseFanHasANewWikiAcc,188
Mdwav,188
EarthWindAndPeaceYall,188
Hypertextgirl,187
Bananagirl,187
Alyssabelle818,187
Mel.Anderson20,187
Aristiana,186
Lofrida,186
Adventuretimer1,184
Misscutie27,184
ISeeYou,184
Peer Gynt,183
Stephkru,183
Funkfrost,183
Insaneyin,183
Waterlily16,183
Kmorri11,183
Warmfuzzygrrl,181
Janers0217,181
Adrianpauw,180
Sylvie Liliane du Pont,180
Augstn,180
Japleenpasricha,180
Millsfer,180
SusannaCorreya,180
Marowmerowmer,178
Erinf0418,178
Laurier,178
MurtaghxMisery,178
Bthomeldh,178
DemiLovatoWishes,177
PinkPanthress,177
Sugarnova,177
Sevenite,176
Katiedid,175
Lilithmoon1,175
MalikLove,175
Bakerychaz,175
Robomilk,173
JingHan,173
Achirpingbird,172
Amf14,171
DearCatastropheWaitress,170
Beard0,170
Purplepickledonions,170
Les733,170
Daniella Dzikunoo,169
Kendrick Miles,168
Lizzymartin,167
Square pear,166
Scigirl543,166
KBPOG,164
Lylahearts,164
Decat2,164
Ordocello,163
Kiyoko3,163
Eliahna,161
Haslantis,161
Howcomehoney,161
Tanton2008,161
Cherri777,160
Marira,160
Jannetta,159
ColouredFrames,159
Vell Retiza Baria,159
Erikaschoene,159
ABShipper,158
Happy Yumi Harris,158
Dana Westerkam,158
Mushypeasss,158
Qing Yi G,158
Cmjohnson5,157
LydiaRDoyle1992,157
Aina Aiikyo,157
Wikitortoise,156
Thesarahshow,156
Everlyn Ashley Harding,156
Ayame The Wolf,156
EdwardOConnor,156
Girlscoutsjm,156
Spark Moon,156
Zuzie3,156
60 Delta,154
Afrodita nz,152
Just-fix-it,152
Veronika53,152
Meiying ho,152
Elisachang,152
Chef Clover,152
Nadanon,152
Aharris206,151
Monkeygirl3493,151
Nowtynowt,151
AlphaZelda,151
Jedi feline,150
Chibichan613~enwiki,150
Ffffnm,150
Irunwithscissors,150
Bakuyaku,149
RubenSuben,148
Wave of Mutilation,148
Kfinsand,148
Eclectic Angel,148
Au writer,148
FemWriter,148
Heather Elke,147
A.sky245,147
Janniejdoe,147
ValisonLo,147
CC 91,146
SiobhanSmith,146
Justmeonhere,146
Kyphe,145
Cabeachgal,145
Alammana,145
AnkitaDatta11,145
Ænea,145
MissMargaretBlack,145
Gegnome,144
Imabored1,144
Dr.EOMR,144
Whylimeemily,143
Ajdrosario,143
Writerchick,143
Queenofsapphires,142
Wrongpageamundson,141
Living Dangerously,141
Mercedeseileenvillanueva,140
Daisy099,140
Christine T,140
Theecc,140
Ritu qgk,139
Olivia Morrison,139
Mahafreed,138
Amzi,138
ToxicAllure,138
Futuri,138
CheshireCat2010,137
PennyDancer,137
SmallCheez,137
Cfitzpatrick3,137
Tatiana Matlina,137
Iyentra Rasonica,136
SuperSonicBaby2,136
Kater144,136
Warriormartin,136
Chloeobrian,135
K-9 LVR,135
Morgan Phoenix,135
Sarahnoll,135
Carlastags,135
Starry.dreams,135
Charlotte Tame,135
Wannabezaby~enwiki,134
Hutchisojl,134
Sweet Morena,133
Nancysing~enwiki,133
Woah321x,132
Bonniesteiglitz,132
Anacaona,132
Ripswitched,132
Doin'Huh3.5,132
CircusCarnival,131
Erindoh,131
Sarahgal,131
Coolnation01,131
Ally525,131
Yvasquez,130
Geunivere,129
Kitty555,129
Erinmcd,129
McAngeOK,129
Aelita14,128
Louiseann76,128
Morwen elfling,128
Eniarrol,127
LongestAugust,127
Geologicharka,127
CooKeeN,127
Mjscheer,126
Lydia Pryon,126
Semitic87,126
Cisop Sixpence,125
Vertilly,125
S.alethea,125
GrapperJ,125
ClaraRoper,124
AndreaPersephone,124
Brianna Goldberg,123
Toadette Fan,123
K123456,123
Defunctzombie,122
Jpand15,122
Ausher8,122
Caterfree10,122
Ivankazz,122
Setareh1990,122
Fireflo,121
Batkin3,121
Melodywind,120
Shelbisims619,120
Hexadecima,120
B streiffert,120
N0rbie,120
Saehee0908,119
Gwenhope,119
Palespectre,119
Summerhawk,119
Isabelleeastham,119
Athena in Wonderland,119
Alicecooper91,119
Shmooshkums,119
Ana Radic,119
Prettyxvacant,119
BriannaMaxim,119
Pink Distortion,119
Flambelle,118
OneWomanArmy923,118
Eternallyvicky,118
Alwaysjustthatgirl,117
RomneyGingrich12,117
9Doors,117
Atanarjuat Igloolik,116
Confused.brit,116
AnnaZZZ,116
Clockword,116
Macfack,115
Jennafs78,115
Meerkatakreem,115
Blizzard youkai~enwiki,115
Shinobigai,115
Soph Elizabeth,115
20-13-rila,114
Hayley Tales,114
Tatompki,113
Ingrid1996,113
Petabites,113
Ang li,113
Hamsterlover111,113
Purple Is Pretty,113
MuzikalNotes,113
Nathalya Cubas,113
SixBaltar,113
Dragonfly213,112
GeekGirlSarah,112
Phorofor,112
Strawberry Sara,112
Dana Vez,111
Alexshmalex,111
MadHaighaHatta,111
Mo0086681285,110
Princess Homestar,110
Madradish,110
Iane,110
Britty5096,110
Jordie.Salwei,109
Coal On Toast,109
Petalglassjade,109
Shrewdcat,109
Michalge,109
Nimptsch3,108
Fatin08,108
Irisx,108
Echoflame,108
Impossiblekgirl,107
Angelasong,107
Bromartin,107
Celestevandervliet,107
JMyraYeung,107
Ylime715,107
Gbec81215,107
Silverelf,106
Crawling,106
Gray94wolf,105
La1228,105
Xgravity23,105
Qrystal,105
Parijata,104
Bradi.carlson,104
Rozafaaa,104
Renaika56,104
ShawSt66,103
Genna Joyce,103
Alyandra,103
Blillehaugen,103
Bunnymutant,103
Narok04,103
Lkientzle,103
Miracosl2,102
Moreno fairy,102
Aizhen,102
Pauuuvicious,102
Super Videl,101
Dianelowe,101
Vmansoor,101
AmiriteC,101
AffirmationChick,101
WASkier,101
Dasek123,101
Kerrisene,101
Adevish,100
Yuuki Mayuki,100
Laladeda84,100
Bs132425,100
Cefwiki,100
TUSWCB,100
KittyConnolly,100
Kaiseralexa,100
Caitlyn.mcconnell,99
LadyRose2001,99
TheTomato,99
MisiaMMM,99
MartinaRoell,99
PseudoPsych,99
Nyanyanyanyan,99
Sg424,98
SuperKirbyPudding,98
OctaviaYounger,98
Crazy Clarinetist,97
MHusnick,97
Aren8906754,97
TheaterMarine,97
Epiccomg,97
Stephy100,96
Mydemand,96
Bubzie29,95
Crushedtiggy,95
NPS86,95
Shuniw,95
MeisMyself,95
Jencat385,95
Taari,95
Wolfhorse,95
Amandaprefect,95
Iúile,95
Emain Macha,95
Tabularasasm,95
LilianPhoebs,94
Funkmistress,94
Meganrose99,94
Talchum,94
Alagaesia dragon,94
Suzannejb,94
Sam at work,94
Loreanar,93
FranGleisner,93
Venerated,92
Cathw38,92
Dgreenshi,92
Diadodorothy,92
Dkchacha,92
Stellath,92
Mstislava,92
Xabbzziieex,92
Ssengsav,91
SM Fire,91
Smartpotatoe,91
Popoki,90
Dancingturtle8205,90
Folduprabbit,90
ChristinaGotcher,90
Olgpa,90
Hanna Testo,90
DakaSaren,90
Shilpasuri25,90
Laura Renaud,90
Dmscvan,89
Roya.hosseini,89
Oslogirl5,89
Katie.anderson.5,89
Xtc23,89
Tz'unun,89
Hannakimithree,89
Hatkirby,89
CourtneyJB,89
Rachend,88
Samantha.myhre,88
Casey906262,88
Archergolfer,88
Lioness94,88
Lembowman,87
Ariana Williscroft,87
PhoenixVTam,87
Cynthiarodri,87
Kendall Shackelford,87
Annetteruiz,87
Mobell2012,87
Zgm00,87
Torchickens,87
Coderster,86
ArtsyNani,86
CosmicWaffles,86
TJS1989,86
Seynabou,86
Barn Owl 444,86
PowerdByCaffeine,86
Supersima,85
RxK MsC,85
Ponypal918,85
DanaJohnson,85
TiffyBeth,85
Brookehonek,85
Adriana513,85
Eggum.tatiana,85
MariahAMAZING,85
Dccarey,85
Wannesa,85
ModestCassi,84
Beata May,84
Psingleton,84
Forehead-of-security,84
Imdoingmybest,84
AmazinVenezuelan,84
Robomonkeyfan,84
Angelbird72,84
AshleyMiller,83
Lady.de.Clare,83
Becca.darnell,83
Complete fanatic~enwiki,83
Kissmequick,83
Kat is amazing,83
Aimeec110,83
Psud43,83
Paralingua,82
Historyfactory,82
DragonBlazer57,82
Miamiamyrose,82
K123B,82
AmandaWins,82
Lyddiechu,82
Natasha Vita-More,81
Silver Diadem,81
Vellidragon,81
GlassHeart100,81
Myleftelbow,80
Dandanxu,80
Lu.roberts1991,80
Bandou,80
Applecinnamon1,80
Amesdeutsch,79
Trishacccc,79
AlecsisJ,79
Ringo 2000,79
TaylorDrenttel,79
Handspringgirl97,79
Misaacso,79
CrownedEagle,79
Elle317K,79
Anaisfirewalkwithme,78
Gogorox93,78
Katelynn.cox,78
Numbbelligerence,78
IsisAthenaArtemis,78
Jessiebestie,78
IP law girl,78
Moona Sehgal,78
Metaphorical analysis,78
Samantha.yineman,78
JavaAndCSharp,77
Soulnebula,77
Arulupinaustin,77
Erin.l.anderson,77
Geekers,77
Shermoo,77
ArleneChristina,76
Anelso,76
Ravan,76
Illegalcontroversy,76
Nikicia,76
Celsisa,75
Thismakessand,75
Iznor19,75
KawaiiDragoness,75
5deadlydaisies,75
Art234789,75
Irish South African,75
Liachan,74
Jepbdpop,74
Paperdoll51,74
Ninjawolf,74
SwissMiss,74
Nicstick,73
Boomshakalakabangbang,73
Eduscapes,73
SensibleOxymoron,73
Xhemilja,73
Arvandor,73
Lycheeberries,73
EmilieKi,72
Fluffiliscious,72
Whiskthecat,72
Allison M,72
BCFneuropsychndsu,72
Irene dolphin,72
Brooklyn.thompson,72
UltimatesocCer,72
Bkwrm18,71
Ms. Black Gold,71
LadySydney,71
Darjeeling24,71
Pokey little puppy,71
PinkTruffles123,71
Acal26,71
Saracates,71
Lau liz van,71
DTPQueen,71
Meowlody,71
Haruka 3,71
DaisyDee15,71
Lcannaday,71
Michelleem,71
Lioness713,70
Silverleaf,70
BlackSlivers,70
Tanuyeiro,70
BlairXCirucci,70
Kdean12,70
Urumi,69
Nmwallace,69
LisaG60,69
Dicentra,69
Britni.haugen,69
Melissafales,69
Tishyagaba020397,69
LozziePopxX,69
Snorepion,69
Pomergirl,69
Youandtheguys,69
Athena721,68
DarkNexusAngel,68
Msydow81215,68
KarateKickin,68
Jordy81217,68
PsychMajorFall19,68
Omgomgomg888,68
Vetdesigner,68
Tara.lebrasseur,67
Lisaveras,67
Fizzyfifi,67
Hawkeyegirl,67
KFullerton,67
Parallel Persona,67
Me do yoga,67
Midwich Cuckoo,67
CoolioDudeeee,67
Akramm,67
Balletgirl313,67
Jewjamss,66
Ashley.miller.2,66
Ifletche,66
Li.andy,66
Ddots22,66
Elemontall,66
Lavender 2302,65
DEA,65
Abstractedly,65
DiLuna25,65
SiameseSoul,65
Kitanne,65
UnicornTwilight,65
Varshauxwiki,65
Laura.j.ball1,65
Unknownlake,65
Savanna.westrom,65
Alexandra.Hornbach.1,64
AthinaF,64
Hammbh,64
HaleyZZ,64
Woloshkm,64
Lieselm,64
Artemisfowl25,64
Spongy-Anime,64
Proggyponydubsteppers,64
Poetrygirl332,63
Muppavarapu Navya,63
Spectral Witch,63
Optijen,63
Kasiya,63
Sarah Winterburn,63
Fiddlediddle,63
Ratih M.D,63
Aphilli8,63
Dragonrose36,63
KKillen,63
Mckenzie.galster,63
Nande0nande,63
Canvaswrtr13,63
Lezelmaz,63
Ie007,63
Msennie,62
Emily.minnick,62
Moshpitttt,62
Princess Elise17,62
ArgetlahmSource,62
Lgcheng,62
Fira Melinda,62
RCLeahcar,62
AEE8895,61
WilliamBaked,61
Laura.Freberg,61
HoliHallow,61
Kazcita,61
Luciella,61
BlueWolfheart,61
KirstenWeasley,61
MissShona,61
Brez93,61
Ruarc,61
Lpwallaby,61
Jketchum31,60
Kadragna,60
Karithina,60
Beth 84,60
Hockeyhamster,60
Sianska79,60
Casidesia,60
User1959,60
Ana Cooke,60
Allyrosa,60
Baroness of Ballymote,60
AngelPoseidon,60
ShinkisRule,60
UltravioletAlien,60
Wahying,60
KatieRamseur,60
MDCCCXLVIII,59
Danielleshields12,59
Mitzkie,59
Eneidavilella,59
Merseybird,59
FrancescaRebecca,59
KateKlos,59
Jacy zhou,59
UMich05,59
Laura.a.anderson,59
S1504389,59
Hep4v07,59
Francesellmo,59
BrightSuzaku,59
Hoboeplayer,59
Rhanabanana,58
LombrizFeliz,58
Laurenclifford,58
DeSpa49,58
Gaaras girl434,58
Amberdee3,58
Yuka Chan,58
Annie E. Clarke,58
Spunkycopper,58
Fox2023,58
El.pap.ts,58
LCRubin,58
Nicbie7,57
Allisonmontgomery69,57
Tails Soda,57
Tsukata,57
LydiaRWJ,57
Nini270~enwiki,57
SZadeh,57
MightyOmega,57
Kirstyc90,57
Jazzpizzazz5000,57
Fringo,57
Haylee.schumacher,57
Penelopeia,57
Doodlepoodle,56
Winterpolaris,56
KassandraRoyer,56
Werbinich,56
Justicemanlulz,56
Connguyen,56
Lizlady,56
Daniellefreitag,56
Towersc,56
Emmsquille,56
Princess Bianca,56
Koreanchick80,56
Damika,56
VictoriaAPierce,56
Travunia~enwiki,56
Daft SPARTAN-117,56
SarDavis,56
LisaBrown2012,55
UsagiEriko,55
Bobomarch,55
Anuja0304,55
Villasa4,55
Xchorusxromancex,55
Apendata,55
Yasamin77,55
Aepowell122,54
HuiHuii,54
Niftirini,54
Saxovonhafnia,54
Steph2016,54
Anna L. Black,54
Sokkenai,54
Kmcguiness95,54
Kuriza,53
Jocelyn Converse,53
Waithamai,53
Mkresky12,53
Cowhateration,53
Gnominonwiki,53
Pythagorean Theorem,53
MyLovelyNess,53
Wmj1974,52
Taylorkwest,52
D depas,52
Mschmidt44,52
Walla2jl,52
Lee Rae Ae,52
Tarmin68,52
Pomato,52
Janpanrocks56,52
Vandana Wadhawan,52
Sometimesdee,52
Hihellohowareyou334,52
Qqlovesyou,52
Chiaconan,52
Abbie.dodz,52
Jund NDSU,52
Sailorsaturn,52
Meya,52
Kk loach,52
Doubtomatic,51
Ndsuamanda91,51
Coolintro,51
Brecca.W,51
Hi2meera,51
Clarktricia86,51
Ashnjohn07,51
Besprayed,51
Wee Wolf,51
Anna jurgens,51
Ccapece,51
Nightmaj,51
Vicke1988,51
Notshortbutchibi,51
Hannah Angelove,51
Psych1292,51
Girlintheyhat,51
ChelseyLandis13,51
Weenerbunny,50
Kayhau05,50
Occy213,50
Aanapk,50
Lbednarz11,50
PixelPerfect,50
Raimu,50
Cygnoir,50
NewYorkParis,50
Chokolattejedi~enwiki,50
Miriam joy,49
Fbi woman,49
Jansoto,49
Janechra,49
Misspenny,49
LissaExplains,49
JiahuaWowo,49
Daark,49
EsunaMeggy,49
Isley Pie6,49
Madhurirv,49
Emilyyyv 003,49
Chelsea.nordquist,49
Mykwan,48
Toasted Onion,48
Aebcoreno,48
Bluujayy,48
Abchave1,48
Globe2trotter,48
Milena,48
Wolfgang The First,48
NMartin319,48
Kindmonkey,48
Latias1002,48
Summerlyn53515,48
Jessicastelter,47
ReavesUMW,47
Lyrica9,47
Ctchang,47
Lyavelino,47
KmdS2015,47
Aharriot96,47
Nour.m.alabase,47
Aurelius01,47
Penguinmlle,47
Netminder2610,47
MsNika349,47
Cbruha11,47
XieTingting,47
Sarahmckinley4,47
Dnc1ngQueen,47
Uchuflowerzone,47
EABair,47
Roadbound,46
Thierrynka,46
Mz.Kiedis,46
Amarinucci16,46
Ashley P,46
Naruto3135,46
Rose Ashe,46
Zhaojun.fu,46
Nauma,46
Deelite310,46
Delazio,45
ArmageddonNewt,45
Dziewięćsił,45
Lhagiang,45
LindsayLou,45
Gossipgirl1,45
Cellequilit,45
Social Ferocity,45
Kristinalyn81278,45
Nia1303,45
Sanjanas99,45
Danyang Li,45
Shelbtrav,45
Shelby.kappes,45
Sadia.abdulkadir,45
Claudiala,45
Grisette,45
Danaseilhan,45
Brezzo.gaia,45
Earthshift,45
Jessikins,44
Squigglet,44
Annukii,44
Alexpsihogios,44
Teblyn,44
SayGoshWiki,44
Queenofrubies,44
Elflin,44
HoosTrax,44
Alyssagoodpaster,44
Poonkier,44
Cashew,44
HRThomas15,44
Justicemanlolz,44
Rude23,44
Auriri,44
Icelilly,44
Serenitylopez,44
Rremus10,44
Briekm,44
KatVoronova,44
Wewit,44
Triscuitchan,44
Shelleybelly09,43
Lady Hypatia,43
EmSmith,43
Leaflucy,43
RaveBlack,43
Leeyh20,43
Kadie.j.eaton,43
Hannahnelson,43
Jimena.schroeder,43
Lucky Cherub,43
Shelby.a.schields,43
CCortland,43
E.hathaway,43
Wyley cat,43
SELI-chan42,43
Ancazur,43
Amy18391,43
SethSrcho,43
Clee8288,43
Breanna.hess,42
BrandiWrites,42
Brittany.paulus,42
Trinityblood,42
Callmenaomi,42
Zephyra35,42
Daria adv,42
Thrill5d,42
Slmcguinness,42
Samantha.meyer,42
Jaymiehansen,42
Vivahk,42
Alissa.gordon,42
MaddieGa,42
Katiexwong,42
DiamondDiana,42
AlicexCullen,42
Angie.Scott,42
Vrave98,42
Mystery24,42
Lulija-the-raven,42
Morgan.hausauer,41
Sheppers 0505,41
Rach23,41
GodRocks127,41
CinderSue,41
Qingshanzhuhun,41
PsychMajor14,41
Cavykatie,41
Jennyhjennyh,41
Suswetha Kolluru,41
Vero444~enwiki,41
Dr.neha sharma,41
Amber Fortuno,41
Ticktocktenoclock,41
Allamune,41
VeroniqueBellamy,41
Superbellymonster,41
Kla22374,41
Flowersk,41
Luned Mair,41
Sybil Gray,41
Dannilion,41
Oddminton,40
RachelTod,40
Downpayment,40
Hpeoples,40
Waikamachi,40
Unique3333,40
Teannw1,40
Fstromberg,40
Heather of Midgard,40
Yardenac,40
Juldie,40
Marphilly,40
Jenna.leeseberg,40
Wildflower686,40
Chelseaj.86,39
Justlearninghowtosmile,39
Paranhanuel,39
UASR,39
Emily.Lesser,39
Alfonsoneri,39
JessieSHuang,39
Sudo coffee,39
Greta.k.herschlip,39
Renatta81,39
Dnelson2,39
ESlade,39
Whitney.ryan,39
Empowering you,38
Msz67,38
Lex.schirado,38
A cardboard microwave,38
KristyLeighh,38
Platinum57,38
Aquaviann,38
UltraRat,38
Euonym,38
Tori100tcg,38
RufusX,38
Xianteng,38
Heidi.Rued,38
Ajoust,38
TilottamaTitlee,38
Devapriya,38
Jcatgrl,38
Porcupineforest99,38
LB7979,38
Morgan89,38
CLHoyas97,37
Arcune,37
LilliCat,37
Josephine.c.milewski,37
Morganpeters,37
Mak506,37
RachelPWendt,37
Ahartlin,37
Megan Boehm,37
Leah.moulds,37
LobsterTentacles,37
Shickey244,37
Elysebush,37
Chelsey.kjelland.2,37
Beatriz Glez. C.,37
N2014,37
Mrs.scrapbook0473,36
Alicja11willow,36
Lexie.unhjem,36
TheRoseMyrtle,36
JadeyKappes,36
Hoscincer,36
Elecktra,36
Nkunkle,36
Roxana.franga,36
Kmemcc22,36
Gerrywright,36
Puzzlegirl 2009,36
Mariah.l.hiltner,35
PoliceGIRL,35
IsabelleVivian,35
YEloi,35
IshtarDeity,35
Kimtastic93,35
XXalyXx,35
JosieSmosie,35
Seskia,35
Morbid amber,35
The stormwatcher,35
Hhills,35
Brittanymouse,35
SM Invincible,35
Millaindie,35
Red Pen,35
Cutelittlekoala,35
Mckenzie.l.mann,34
Mvw02,34
Wishkres,34
Cholbein,34
Lilinie,34
Qem,34
AgentKaz,34
Lolitatronic,34
Ruthless.Cutie,34
Pamalcantara,34
Courtneyhagen,34
Hanjones,34
Dunclutha7,34
Eli app d,34
Precure girl289,34
Ctodd9,34
Missyp89,34
MirianBruckschen,34
Smeagol2,34
Lee-mei,34
Zhangjing Lou,34
Hellkixy,34
Metanar,34
S.Stults,34
GearheadLydia,33
Deepsillyone,33
Ox erin xo,33
Hhoff12,33
Cheyenne.brady,33
Elliejm,33
Amyekankiewicz,33
Qecalumini,33
Winter Moment,33
Nrybltc,33
BeekeeperRed,33
C.Corsiga,33
Avocadrix,33
BowRiver75,33
Katieishme,33
Sharonmarie392,33
Blue Mistery,33
Briemder,33
Zeke,33
Hsolomon89,33
Kmarsha3,33
Moirae,33
Crime Busters,33
Sinii,33
K2padden,33
Rekp,33
Gotjane,33
Kimballsp,33
ShadowSirenV,32
Margi-sama,32
SINsApple,32
Szirmaik,32
Marissa.bridgeman,32
Mussevira,32
Avwal2,32
Cgraham09,32
Chicadelmundo,32
Emilee.andersen,32
Jpletzke,32
Mbkg1002,32
Gangelez,32
Elymera,32
Skellinator,32
PaulinKa,32
Vanillacreem,32
Ppena,32
Faehn,32
Lovebirds211,31
Aqilahhambali,31
Emeraldea,31
IConform,31
NeatlookingGirl,31
Sailor v,31
Raffine2004,31
PSmommy25,31
Ohgodiva,31
Alixmpier,31
Eromero1,31
GarnetPrincess,31
Munawar Noor,31
Librophilia,31
Erin.teschuk,31
Adrienne4life,31
Ka whe,31
Kikiymum,31
Tcharlotte,31
Theeighthendless,31
Ashelia,31
Hmerickson,31
XUENIUMU,30
Sazai,30
Statler91,30
Brishti Akter,30
2Cute4U,30
Beaverlac,30
RoseSandIceNight,30
TheStan,30
Tepping,30
Lady Boudica,30
BrookeMcCullough,30
Hannah.ganskop,30
Amy.duchene,30
Rkranenburg,30
Khushboo thaker,30
Tparks4159,30
Alyblaith,30
Emilyxlovesxyou,30
Purplepen,30
Bonobos86,30
Kc9eow,30
Nitenurse,30
YTausczik,30
Pogovina,30
Katester06,30
Saturniia,30
Tony DiNozzo Cat,29
Oyuki 622,29
Sbrownley,29
Svaud097,29
Sefran2,29
Jade.glasgow,29
Waynemb2,29
Sarah Hailey,29
Hayleydrohan,29
LadyMage,29
Jessiepangrac,29
Beruthiel~enwiki,29
Sarah.bourassa,29
Si ego sum sapiens...,29
SummerGrant,29
Billy1968,29
LoYang,29
Sanchezita,29
Alyssa-Burley,29
Lilith luisa,29
Dawnnaomii,29
Jennifer C,29
Missbrianne,29
Kuplukjaya,29
Eeloren,29
Dooorisa,29
Ssarae,29
MissRoseQuartz,29
Koian,29
Mapocathy,28
Haider.z.28,28
Bythesouth,28
Riot Angel,28
Smccloud92,28
MissTimeturner,28
Nnn1czech,28
D--pixx,28
Kkrance,28
Rian Park,28
Allison.j.morse,28
Melloasjello,28
Danielle Saunders,28
Gir.chihuahua,28
Alyssa.j.anderson,28
Sunshooter~enwiki,28
Almeta,28
Kylara,28
Paccob,28
Erikamatthews,28
Brittany.michels,28
Nenuphar11,28
Savannah.m.voeltz,28
99Ferrari,28
Mwpiper,28
Cassiehoffman,28
Amedyr,28
Tori Veth,28
Vanessakrolly,28
KatinaMarie,28
Kimbits,28
Trilliane,28
Rachel.l.westphal,28
Ckelly914,28
Chocgirl,28
ArigunAmy,28
Cdenkler,27
KelseaC,27
Nonchalamment,27
Silver923,27
Mayssoun saleh,27
Jif101,27
Stephani21,27
Freyskona,27
TheLurkerMan,27
GymnoPedia~enwiki,27
Allimarieb,27
Furrygirl,27
Madhuri2611,27
AmyTAllen,27
Corbinb8,27
Loz kearney,27
Looks like a,27
Briscoeh,27
PsychologyinNoDak,27
Policsn'stuff,27
Taymcd5,27
Uterus 77,27
Katwin,27
Lika Kharazishvili,27
Htepp1226,26
Ayame28,26
Sbodlovich1,26
Upsidedown i,26
Pieceranch,26
GovanRedskirts,26
Najja,26
Auravacui,26
Kpoppish,26
HazelPatel23,26
Long live potatoes,26
Cstrachan53515,26
Florestan~enwiki,26
Nguyen Thi Ngan Huyen,26
MusicsColors,26
Lizzie mcnamara,26
Stellaproiectura,26
RetroTexan,26
Ghstillumina,26
Lisa Seelye,26
Jjorjja,26
J0D,26
Jacqueline Morges,26
HailyMarie,26
Seinarson,26
Sschroth,26
Ssandrathomas,26
Coollittlealien,26
OhBobSaget,25
LeiLei63,25
Karlee.beavens,25
Cmcunningham,25
Marlofelicia,25
G C King,25
Rockyrelayx,25
Steelypip,25
Meshellbytheseashore,25
Hkristem,25
MaximumNeptune,25
Mayteng,25
CalumetCitation,25
Villedre,25
Cloontj2,25
Shruti20,25
TanookiAri,25
SereneTiger,25
TNeal23,25
Nikachu~enwiki,25
Heatheruk,25
Ruet Trel,25
Ndgirljz,25
Emteevee,25
Paigem1990,25
Brionyrose,25
Shoshzee,25
Mausy,24
Shelby sharp,24
Leahym1,24
Historygill,24
Amanda.krebs,24
Beforeyouknowit,24
Tanmiao52,24
Mia Legato,24
Linelemondk,24
Ellenhonsa,24
Be4u92,24
Wondering Wiccan,24
Dutchsparky,24
Ceira,24
ScaredCrow,24
LeTarre,24
B-Slaz,24
Llljacques,24
R3m~enwiki,24
Naturegal25,24
SuperSwish,24
Jennifer.j.zetocha,24
Berryberryberry,24
Michiyuki,24
MalekOlfa,24
Hannansylla,24
Miseon.bak,24
MirandaDM,24
Emma.j.kramlich,24
Lover of Itachi,24
Strictlyrouge,24
BrokenLink,23
Unique24,23
Pink Sparkle,23
BlackRose5732,23
Brooke.bjerke,23
Elizacatherine91,23
ForGodAndOcean,23
Sint s night,23
Cavalierkingcharlesspaniel,23
Sonnyandcher,23
LeiB,23
Wikiliv,23
Alaynakrantz,23
Naturagirl~enwiki,23
Faizza T,23
Mercolano,23
Sunitharanijohn,23
Osaru Sensei,23
LexiMoore,23
Likecalifornia,23
Fruitblender,23
Choukohikari03,23
Wood.ashleyb,23
Gormflaith,23
Donna Emmett,23
Wcby205,23
YINGSHAN YUE,23
Victoriaclark86,23
JamesCarl1989,23
Fuzzypink,23
Luvpaws,23
Susieqiu,23
Moonvsgoku,23
Hchlebo15,22
MarionKelt,22
KatzeFelineFriend,22
Animalgaura,22
Lady Kya~enwiki,22
Komalsfashion,22
Heatherjanderson,22
Gadiscymraes,22
Jess Gordon,22
Mortari,22
Love of literature,22
Mrocheleau13,22
Allyrmartin,22
Erikalosik,22
Asdzani Bah,22
Pyro maniac maniac,22
Shiyoushi,22
DOA FANSI,22
Bansheend,22
Leshkuq,22
Acarr2,22
Palindromologist,22
AmandaKraha,22
Amal Selmi,22
Caitlin.VanVoorhis,22
*Yukio Okumura*,22
Mavisjheng,22
Renoah,22
Erinpickeringgutierrez,22
KittyFan2004,22
Vintergjest,21
Barn Cat,21
Beepitybeep,21
Richardsd,21
Moisterhp,21
Talosette,21
Andreabocincova,21
Aikia08,21
FPC3909,21
Vallisso,21
Clenox843,21
Alyssa.wroblewski,21
Ireland girl~enwiki,21
Tashcooke,21
Elemystra,21
Rachupike3,21
Rhiannon.jones27,21
YueningLi,21
Chuang1229,21
Amanda Pachal,21
Ratwoman,21
Calimie,21
Lindisfarne~enwiki,21
PhillC,21
Lacey.C.Harper,21
Aubrey.boertje,21
Teh Rae,21
Jem8830,21
GrodytotheMax,21
GuMiKoizumi,20
Moonsong,20
HB098,20
Simply Winter,20
Lynnwilkie,20
Kirstinhunter,20
Ms Ringtail,20
SheraLynn,20
Witlash,20
FaridehR,20
Angiez628,20
MeganVan123,20
ELMcKinlay,20
Strontium87,20
Marella Yasaswini,20
SebastianBean,20
Knalyssa,20
Meredith Garstin,20
PrincessjessicaGT,20
Einmyria,20
RobinMcM,20
Lejepa,20
Betsumei,20
Elainelu9,20
Alice Lee,20
Tigress Dawn,20
Annette fleming,19
Hannah.Hood,19
WarriorBaby,19
Jes3,19
Freezingfloridian,19
Jrmatos,19
Rebecca.lidh,19
Linaria1,19
Algillespy,19
NerdyVibe,19
Yinglol,19
Peabunny,19
Sarah.isaacs,19
ScooterGal93,19
Kawalker14,19
GreenJeanz,19
Lina86,19
Amyamy1990922,19
ElWampa,19
Karen fh,19
Askedandanswered,19
TaylahCullum,19
Heather.c.montgomery,19
Nicolezeffer,19
Agampa,19
Sharlemagne,18
Else.might.all.kings,18
Ash96hassam,18
Caramellato,18
Peace love and feminism,18
FatimaOvida,18
Addojammo,18
Keeera,18
Jenny Rose Lee,18
Erika.a.brennan.2,18
Kimaus,18
Charlotte Murphy,18
Ilovesims2,18
Hannah Porter,18
Tusami,18
Slyferret,18
Sakura-iro no namida,18
Brainfreez,18
Tahxick,18
VoomZoom,18
Neyrus,18
Misheru32,18
Cwalkerr21,18
Miriel Giltarma,18
Vale29mo,17
Anagonzalez,17
Baileergass,17
Babayaga 14556,17
Yoliminina,17
Wala boussetta,17
Apricot Sundae,17
Annazhigareva,17
Td23416,17
Sparrowrose,17
Aranel Alasse,17
Septmars,17
Rocazii,17
SleepyAE,17
Valerie27,17
荒巻ストイチコフ,17
Musicalhollie,17
Nicolemmattson,17
Ralyyy,17
Chloenelson,17
Nixen Haydon,17
Nurinha,17
KerriZ,17
Lish scicomm,17
Himbeerhase,17
Kicsit,17
Jentile,17
I will marry gollum one day,17
Emp2~enwiki,17
Gryf10,17
Payton.ressen,17
Gentle gamer,17
Kelsey21kay,17
Helenvoce28,17
Kelby.kleinendorst,17
Larkspurlazuli,17
NApp,17
HoldenPhoebeDB&Allie,17
Rani The Elephant,16
Ashley.Practice,16
P h o e b e™,16
Mbama7,16
MaryG6279,16
Mary K Moore,16
Marwa Abid,16
LouieLouie14,16
Princesspunch,16
Zolac,16
Melissa.lacher,16
Mum2woo,16
AllureOfTheEarth,16
Jlgong,16
Marchrain13,16
Stsynn,16
Kmbeer,16
Manjo ExLibris,16
EmilyTheEngineer,16
Camille93,16
Bucsolp,16
EvaMighty,16
Logically Illogical,16
Isabellagoehring,16
VickyMatthews,16
Drlady,16
Nemethleticia,16
Lis sing,16
Csmith2017,16
Jenna.marie.lamb,16
SenshiMiko,16
Chantal Souaid,16
Rosalinta,16
KeshaSavvy,16
Metra-San,16
Joleung,16
Joiaaouor,16
GldMedalSwimmer,16
Pinxuan,16
Cristina4459,15
Clara Sánchez Trigo,15
CatDeville,15
Smckeo3,15
MickyalaxoMowry,15
Froggyteeth500,15
CL41886,15
SPNkitkat,15
Banette,15
CanineHybrid,15
Suada1976,15
AppleTard,15
Khardani yosra,15
Cookiefan123,15
Aninush,15
Sheetaljo,15
Crlr2,15
Storm25,15
Mccalljh,15
TuffDuff,15
Lav71,15
Careycruz,15
Lisajordahl,15
Q argun Q,15
LMshe,15
Tatithebest,15
Randicrabbe,15
Totschafe,15
LRaja,15
RebeccaHugo,15
Runaway177,15
Learse,15
Little green moose,15
Eleanorhillcox,15
Bcabiele,15
Bfs0921,15
Jessica729,15
София Викторовна,14
1Krystal.Stevens,14
BondiEmily,14
Ddesssuuna,14
Dollymoon,14
Martha 93,14
Yuyvonne,14
Kaylagaze,14
Miriel~enwiki,14
LMRodger,14
OffWithHerHead,14
Lola.adebimpe,14
Clocktowerkiss,14
CatDeville.Llewellyn,14
Scholar8888,14
Jenna.l.green,14
Elsebet,14
InspiredAndNatural,14
Jade Peat,14
Bethany.d.schwandt,14
Emd157,14
Rockergurl92,14
Hcb208,14
SilverwingWolf,14
DisposableTeen,14
Bailey.r.nelson,14
Kmacd55,14
Lizyellowsourfruit,14
Puppy 6754,14
Emoraptor,14
Tejashri.kulkarni,14
KokilaMistry,14
Debwald,14
Urbanique,14
Aidanpie,14
Glamorous Gal,14
Dougie89,14
Mematthews,13
Khowell4,13
Athens4001,13
Ranwanasfi,13
Greatcmy,13
Jola-wiki,13
D.A.P,13
Galiaire,13
Dr fugue,13
Wikidickens,13
Chengtan2012,13
Xillania,13
NatalieWilson,13
Deliriam830,13
Ashley King,13
Jessicaaaj,13
Geisha**,13
DesiArcy,13
TracyEpton,13
FFF999~enwiki,13
EvelynnMarie,13
Anishagupta,13
Sapphiretwilight,13
Megan.j.olson,13
Molly.lynnae,13
GateGirl,13
Xaquilda~enwiki,13
Page.britt31,13
Righter1000,13
K Rich MN,12
Cisdine,12
Lilyuserin,12
MPpsychmarq,12
RiotsNotDiets,12
Nakamura chiaki,12
Reallytinyprint,12
Misskathryn,12
LeahHarms6,12
Goddess Washu,12
Ablaine2,12
Gauratulsyan,12
Ceil-Sama,12
Mhickey2,12
Girlbeast,12
Persianblog4ever,12
Emily.sargent,12
Dlefort,12
Kmacdon5,12
Violetkizzy,12
Desert moon,12
Ianeonymous,12
MhairiBowe,12
MartinKimi,12
LostBelmont,12
Heidmila,12
Alama~enwiki,12
ImmaculateHeart,12
Luth ZL,12
Psp0b7,12
Scarletsugar,12
Danielle.Bauer.2,12
JTKZelda,12
Tattycoram,12
Glass Star,12
SpiffyPinkUnicorn,12
Emilycking,12
Loiter9,12
Sandeli Tepi,12
Mejarc,12
Aidenlockhart,12
Doti099,12
RoxannaStrawberry,12
MountainstoSea,11
Idontlikepeanuts,11
LyricsThatSing,11
GeorgiaPeach86,11
Valerie.douglas,11
Katieharrison,11
Dobby1127,11
ValerieSpie,11
Markelle.axtman,11
Crackingstack,11
EvaW93,11
Alicialynn4,11
Tillie42,11
Twinkle365,11
Cthompson4350,11
MDSchaub,11
Adevv,11
Knickerless,11
EmilyFortuna,11
Moonie1919,11
Jnet teller,11
Habeebah01,11
Saoirsemoore,11
NarakuNoHana,11
A.J.V.,11
SashaHuic,11
Alatteofwikia,11
Queenofotakus,11
Poppopvip,11
Quishebranch,11
HeatherQuinnell,11
Naccha,11
Aking27,11
Alawya,11
Bubblebuddy007,11
Justyna gawlik,11
Gala Lampeggia,11
Norkey9,11
Jamie Schmidt,11
RudeDana,11
Ashleyxox3,11
Ailsamacf,10
Crazyloon99,10
Laura.adamson,10
Hinahon,10
Princess Moonray,10
Playboybunni,10
BigYellowFlower,10
Jeanne.m.oore,10
Thatpeachgirl7,10
Laura Mason,10
Ritapruzansky,10
Saoirse Collins,10
Librocubicularist,10
BeckyDR,10
Shellmish00,10
Hotphoenix,10
Usagitsukino8,10
MagnaMoon,10
Britt.page,10
Ketie G.,10
Silenciar,10
Kamabree,10
KathrynDockter,10
Ilyani,10
MQksnelso,10
Shivoconnor,10
LucyMurdy,10
Juanin921111,10
Marie-Galante,10
Tina mc ca,10
Rebeccaly,10
Monibisordi,10
Molove,10
Thegirl,10
Laurenautomatic,10
Jenaptrsn,10
Rurfs,10
Hello what's next,10
Dallas69,9
Sophieg15,9
Guardtiger25,9
PoularChess1243,9
Klw 139,9
Melty1234,9
Schan0,9
Gingermegs,9
Otaku88,9
Lldintx,9
Stickypopsicle,9
Hair e. pot err,9
Bridget Greenwood,9
Fragerella,9
Lmwalz,9
Steph Sorenson,9
Doroteja,9
Jbrandt2,9
Snowfoxx,9
Taiofierce,9
NH268,9
Eliseaud,9
LullabyLoves,9
Fab0u0lous,9
Silver500,9
PRASHANTH.RGU,9
SHERRY1991,9
Monichor,9
Narjes kahouli,9
Lenakhm,9
NatashaSciFacts,9
Yelyam,9
Ashlynn.Krieger.2,9
Miss Bamboo,9
Stephaniefriend,9
Chatila yaakoubi,9
Likhitha gottipati,9
Lidia de Toro,9
American che,9
Mimosatree,9
Saoirse Michel,8
Alannah.Marsh,8
DoodleJohnson,8
Disingham,8
Bconneely,8
Brittany.Nord,8
Carol926,8
Swimmer Gurl,8
Lucille Pharm,8
Stephanie Lim,8
Georgiagirl502,8
Emorockergirl,8
AndiWheeler,8
StrawberryChoco,8
Bunbunbunka130,8
Guatemaza,8
Fraudulent Teabag,8
Kmkbsu,8
Zombie love bites,8
Happydoll,8
Meganadams,8
Azuya,8
Aderangedhyena,8
Kristine0089,8
Kekasih13,8
Ecarter17,8
Izzyiscool1218,8
Ittouryu anokage,8
Lgphoto,8
Tifferets,8
Alinedomingo,8
Hottie197,8
Vflore1,8
Skogul,8
Amanda Fern.,8
VaselineH2O,8
MoranaL,8
Nancy0309,8
Wikicrear,8
Laurenshaber,8
YaqiZ,8
HW96,8
Graterk,8
Mglenn25,8
Jadestar495,8
PaintHorseLover,8
Auselman,8
Gabrielasans,8
Sqwamparo,8
AuroraDragon,8
Hygge Ding,8
Selene Felitze,8
Sooleawa,8
Lanskybc,7
6-6-6,7
TPIRFan1986~enwiki,7
Leanne333,7
Jenna.shallman,7
Tilapronk,7
ElizaLiu,7
Jcask,7
Intocharm,7
LReditor,7
Jessg91,7
The Impossible Girl,7
RebeccaGulotta,7
Lolimomilla,7
Betty Zhao,7
Laeril,7
Mwillard6,7
Saoirse Erin Every,7
D M,7
GrayJ96,7
IbrahimPsy111,7
Deboralct,7
Solson02,7
Alison.m.carlson.2,7
Capat2,7
SoarKitten,7
Yingzhulin,7
SmithVee,7
Patriciapiccinini,7
Paradoxes,7
Mchloe98,7
Keberne,7
Palaeeudyptinae,7
Sophie '97,7
MknzNn,7
Caerleongirl,7
Buzzzbee,7
SusannaSusie,7
OrcaWatcher,7
Vrhnje,7
Mélanie Huguet,7
Hannahnanabobana,7
MrsJohansen,7
Monica Linville,7
Magical.mackenzie,7
Crazy Amanda,7
Appylikescake,6
Dsp.Pk&Ch,6
Sophie-iphone,6
Teresa di Vicenzo,6
Sophiya ghimire,6
Janaebur,6
Prarthana07,6
Gothic Beauty,6
JunkieKittie,6
LibrarianKaren,6
Fiona Kuipers,6
Drjenbradley,6
The Womble,6
Yhisleim,6
EelKat,6
Lenesaysyup,6
Sherlynchoong,6
Mukiox,6
Cmh297,6
Kate.Mertz,6
Wildfox,6
Reham Darwish~enwiki,6
Jonsambie88,6
Persistent widow,6
AutisticOtakuGirl,6
PaFoua,6
Sylae Corell,6
Sallymillywang,6
Sam mc123,6
Maevrim,6
SamanthaAlmanza,6
Krisblade,6
KariShyGirl,6
Carolyn4128,6
Kirti Sethiya,6
Paradox.player,6
Iamasneakyrussian,6
AnnabelleVS,6
Princess Cutiepie,6
T-tok01,6
Medea1919,6
Kukaichub,6
Johansonburg,6
Andrealisahoch,6
Koyuki267,6
Beatrix2Go,6
Oweeo,6
BethArmstrong94,6
Racheya,6
Kosts2016,6
Sciencemichelle,6
Cc L,6
Dreston,6
Koshiba,5
Jessica Jaye,5
KingsleyZissou,5
Jessa.Huber,5
Whymeiry,5
KaunisSuicide,5
JusticeGirl,5
Vuvypuvy,5
Tuyen Tran,5
Kschroeder365,5
KemiKemiNeko,5
Alyssalansing,5
Vfrn,5
L.johnston95,5
GeekAndProud,5
Acyos,5
Marina Nikolaevna,5
Catherine of Scottburgh,5
Andrenglish,5
DiaTiger,5
SchönePuppe,5
Skyleaf,5
Sunyiping1993,5
SugaShake,5
Ianthe88,5
NerdsDiscuss,5
Nerdiah,5
Stop and stare14,5
Stephkaya,5
Sværdalkymist,5
Shelmy.Paulose,5
Naninboston,5
HollyOddie,5
Annwnsystem,5
GnarlyJamie,5
Soo3,5
Msklb,5
Sonachowdhary4,5
MinnesotaParkLuver32,5
SMT.NDSU,5
Arandelis,5
Miss Felicity,5
Avengedxx,5
CRH20,5
Brdelses,5
InspiredAndNatural1000,5
Rahmanawatia,5
ThatCuteCat,5
Birdlov,5
QuietRain,5
Ambicide,5
Leveritt25,5
RothMUpsych,5
Indigogadgetgo,5
Ghdaly,5
PuRe AnGeL 96,5
Bitter maggie,5
Polynomeal,5
Ananga,5
Banjirbandang,5
Hamnashafeer,4
HouseCrazy,4
Shvpeshvft,4
Colorado9182,4
Sillymirror,4
FanieSaphira,4
Mizuki shirai,4
Cmayhall,4
Rebecca.roper,4
Bgrueneich,4
Robanna,4
Jmaybee,4
Fatimah Reza,4
JenniferJellybean1,4
HazelSageHP,4
SDato80,4
S. Sapphire,4
Charl Murphy,4
Hisasi Zing-Zing,4
Five678,4
Natoosha,4
Hollywhite3,4
Gothelin,4
Agentul portocaliu,4
JenGrana,4
Jeffy Jaison,4
Pgmoller,4
Bosxco,4
AudioMasochist,4
Layinganegg,4
Demi16Lovato1992,4
Manasipadukone,4
Allypat,4
LadyFlorez,4
Ljs142,4
Majesticgoat,4
LaMotti,4
Georgiagrrl,4
TastesLikeLove,4
Lolita.Y,4
Maeve82,4
Membrain,4
The Jynxed,4
Alyx24,4
Lettyn,4
Dkbergstrom,4
Snehakhude,4
Thre3lancholy,4
IMarksman00,4
GoAnimateKingWAME,4
Lizzie Charlton,4
Candle888,3
Cannibal Cupcake,3
HeartbeatSoldier,3
Brookedlovesbilliam,3
Poonampahari,3
Proudfeminazi,3
HanaGoth96,3
BecR,3
Duchessella,3
Jakyllzs,3
Regiria,3
Laurenne90,3
Bonjourtriste,3
Amedresearcher,3
Innoumi,3
RahiniDavid,3
PurpleFlower,3
Dsrutgers,3
Tess Mattew,3
Queer uncle arthur,3
Laili,3
Briannez,3
PenguinMagic,3
Dokku Rock,3
ArgentumWing,3
Shelleyy,3
Kerisu,3
Sontse~enwiki,3
I love Yuki,3
Myblueskyday,3
Kiruba catherine,3
Kaitlynbock,3
Shmezmo,3
Nancyboels,3
Ssd9143,3
Annasteidle,3
Andrea-M0,3
Solveig Dylewska,3
DDRPR,3
Amandabdaly,3
Streetdreams,3
Mariadelaspreguntas,3
Mariacorrigan,3
MMKraker,3
SexyGirl,3
Mamotte~enwiki,3
Nxstya,3
Sek2016,3
Sklauck,3
Hillaryy.Hall36,3
Remeisigma,3
Okami Demon,3
Smoczycamagda,3
Fourpences,3
PearlizeCL,3
Mezzbuzz,3
Gordon-Levitt,2
Jackie O'Lantern,2
Adriana Sanchez Ramirez,2
Inflatablepenguin,2
Zuzana Jochman,2
Hnnhkm123,2
19user99,2
Gjyfirst,2
Yukarin~enwiki,2
Renzh02,2
Aislingodonnell,2
Oksanaza,2
Sungirl2424,2
Anna.Gluchowska,2
Annie333,2
MeredithHunter,2
Dan North 1337,2
JeanyFalco,2
Sidnejek,2
Natchaaan,2
Cinderella2009,2
Noodlinator,2
Ohwittyone,2
Aurawantcandy,2
Sassylc,2
Deplezr,2
Caseyem,2
Carrie-san,2
Peacefully outspoken,2
Sampalmer,2
Pink rose19,2
SallyQuintero,2
Salamayamini,2
Bstrong117,2
Purrfecc168,2
Rosimane,2
Raindrop97,2
Ravmadz 9017,2
Makesintomy,2
MkaflinUEK,2
Halversr,2
Little Alex Brown,2
TheEnd2121,2
Elizabethtli,2
Krissyray,2
Emmy elle,2
LindseyCooper,2
Etromin,2
Fennerietveld,2
Dragonstar85,2
Elenainnapeartree,2
DorkieE,2
Aneteen,2
AlextheGreat41,2
Jessicamollie,2
Vipereph,2
Tansyuduri,2
HaNdYHiNtS,1
Chairness,1
Georgsaliba,1
Layal Al-Alami,1
Emerylj,1
Parul jain13,1
Yuushakaiser,1
KitzuRane,1
Sapphiremirage,1
Qizax,1
Juptr,1
Phirexian,1
Phoebecarey21,1
Cherry-chan-x,1
Rouge~enwiki,1
Aliaaalhsane,1
Busboys,1
BurningBeauty,1
Jvanraal,1
Kaivolk,1
Cherrychipmunk,1
Serisapphie,1
Suzihigton,1
Mcmacdonald,1
Angie&Tom,1
Wtpsych,1
Meytav,1
Cyoachim,1
MintBeast,1
Miotas,1
M205es,1
CrazyFool,1
Mmarsha2,1
Matara-jin,1
Arpita Roy 24,1
SimranLal2000,1
Ascieszka,1
Amelia K. Philips,1
Mymikie,1
Clash city 101,1
Natalietesslove,1
Theatrepanda,1
Natjohnson,1
Neko-cat,1
Chomeara2,1
Nikk-J,1
Marla-Ahlgrimm,1
Boobot94,0
Angie~enwiki,0
99.199.184.56,0
Becca lynn,0
Beautiful at the ballet,0
AnnieK,0
Lisaoliver,0
Xhanhanx,0
MissLindsie,0
Sarah Urlacher,0
DianeBarrett,0
